Workbook

Sheet S1  Pathogen list and treshold
A1: taxID | B1: Krakenuniq name | C1: min_escore | D1: min_reads | E1: Guellil_et_al_Evalue_threshold
A2: 666 | B2: Vibrio cholerae | C2: 5 | D2: 50 | E2: 0.001
A3: 1211 | B3: Ungulate erythroparvovirus 1 | C3: 5 | D3: 5 | E3: 0.001
A4: 633 | B4: Yersinia pseudotuberculosis | C4: 5 | D4: 50 | E4: 0.001
A5: 28871 | B5: Taterapox virus | C5: 5 | D5: 1 | E5: 0.001
A6: 10255 | B6: Variola virus | C6: 5 | D6: 1 | E6: 0.001
A7: 10244 | B7: Monkeypox virus | C7: 5 | D7: 5 | E7: 0.001
A8: 10243 | B8: Cowpox virus | C8: 5 | D8: 5 | E8: 0.001
A9: 10245 | B9: Vaccinia virus | C9: 5 | D9: 5 | E9: 0.001
A10: 35794 | B10: Rickettsia slovaca | C10: 5 | D10: 50 | E10: 0.001
A11: 35790 | B11: Rickettsia japonica | C11: 5 | D11: 50 | E11: 0.001
A12: 1679933 | B12: Rattus norvegicus polyomavirus 1 | C12: 5 | D12: 1 | E12: 0.001
A13: 34105 | B13: Streptobacillus moniliformis | C13: 5 | D13: 50 | E13: 0.001
... A172: 35788 | B172: Rickettsia africae | C172: 5 | D172: 50 | E172: 0.001

Sheet S2  Sequencing Data
A1: sample | B1: library | C1: udg_treatment | D1: Raw reads
A2: LL155 | B2: LL155-P-MEX1-UDG1-6-30-PCR1 | C2: full | D2: 27617492
A3: LL157 | B3: LL157-P-MEX1-UDG1-6-32-PCR1 | C3: full | D3: 5051455
A4: LL158 | B4: LL158-P-MEX1-UDG1-6-33-PCR1 | C4: full | D4: 5564287
A5: LL159 | B5: LL159-P-MEX1-UDG1-6-34-PCR1 | C5: full | D5: 6045415
A6: LL160 | B6: LL160-P-MEX1-UDG1-6-35-PCR1 | C6: full | D6: 9434889
A7: LL161 | B7: LL161-P-MEX1-UDG1-6-36-PCR1 | C7: full | D7: 6242254
A8: LL163 | B8: LL163-P-MEX1-UDG1-7-38-PCR1 | C8: full | D8: 9386578
A9: LL066 | B9: LL066-A-MBEX1-PUDG1-1_10_S76_R1_001 | C9: partial | D9: 44218087
A10: LL066 | B10: LL066-A-MBEX1-PUDG1-1_11_S77_R1_001 | C10: partial | D10: 38899273
A11: LL066 | B11: LL066-A-MBEX1-PUDG1-1_12_S78_R1_001 | C11: partial | D11: 23796583
A12: LL066 | B12: LL066-A-MBEX1-PUDG1-1_1_S68_R1_001 | C12: partial | D12: 14965812
A13: LL066 | B13: LL066-A-MBEX1-PUDG1-1_2_S69_R1_001 | C13: partial | D13: 28995535
... A354: LL154 | B354: LL154-P-MEX1-NUDG1-62-102-PCR2 | C354: none | D354: 5715064

Sheet S3  Pathogens Hits simulated da
A1: Sample | B1: Pathogen | C1: Host_best_species | D1: Host_aligner | E1: Pathogen_screening_only | F1: Krakenuniq_reads | G1: Escore | H1: Guellil_et_al_Evalue | I1: Detected_by_Krakenuniq | J1: HOPS_score | K1: Detected_by_HOPS | L1: Mapped_reads | M1: Read_mapping_ratio | N1: Coverage | O1: Evenness | P1: Read_length_mean | Q1: Read_length_median | R1: Damage_5p_CtoT | S1: Relative_entropy | T1: Breadth_ratio | U1: ANI | V1: Edit_distance_decay_quality | W1: Edit_distance_decay_quality_default | X1: Genus_ranking | Y1: Score | Z1: Criteria_passed | AA1: Relative_entropy_100bp | AB1: Relative_entropy_1000bp
A2: Brucella_melitensis__tier2_low__345reads | B2: Brucella melitensis | D2: bowtie2 | E2: TRUE | F2: 29 | G2: 13.856191 | H2: 0.013328276 | I2: TRUE | J2: 0 | K2: FALSE | L2: 357 | M2: 12.3103 | N2: 0.0064X | O2: 0.64% | P2: 59.39 | Q2: 59 | R2: 0.126126 | S2: 0.707 | T2: 0.9959 | U2: 99.31% | V2: 0.8644 | W2: 0.8582 | X2: #1 | Y2: 9/10 | Z2: E-value > 0.001, Reads >= 20, ANI > 96.5%, 5' C>T Damage >= 0.01, Breadth Ratio >= 0.8, Edit distance damaged >= 0.5, Edit distance default (non-damaged) >= 0.6, Genus Ranking = 1, Read Mapping Ratio >= 0.5 | AA2: 0.5527 | AB2: 0.707
A3: Brucella_melitensis__tier3_low_mid__1491reads | B3: Brucella melitensis | D3: bowtie2 | E3: TRUE | F3: 105 | G3: 14.808267 | H3: 0.053712838 | I3: TRUE | J3: 0 | K3: FALSE | L3: 1404 | M3: 13.3714 | N3: 0.0262X | O3: 2.59% | P3: 61.57 | Q3: 61 | R3: 0.152455 | S3: 0.8514 | T3: 1.0016 | U3: 99.40% | V3: 0.8785 | W3: 0.873 | X3: #1 | Y3: 10/10 | Z3: E-value > 0.001, Reads >= 20, ANI > 96.5%, 5' C>T Damage >= 0.01, Breadth Ratio >= 0.8, Entropy (1000bp) >= 0.8 (bacteria), Edit distance damaged >= 0.5, Edit distance default (non-damaged) >= 0.6, Genus Ranking = 1, Read Mapping Ratio >= 0.5 | AA3: 0.6783 | AB3: 0.8514
A4: Brucella_melitensis__tier4_mid__6438reads | B4: Brucella melitensis | D4: bowtie2 | E4: TRUE | F4: 376 | G4: 15.900506 | H4: 0.20209681 | I4: TRUE | J4: 0 | K4: FALSE | L4: 5899 | M4: 15.6888 | N4: 0.1122X | O4: 10.66% | P4: 62.65 | Q4: 62 | R4: 0.168532 | S4: 0.9591 | T4: 1.0047 | U4: 99.43% | V4: 0.871 | W4: 0.8756 | X4: #1 | Y4: 10/10 | Z4: E-value > 0.001, Reads >= 20, ANI > 96.5%, 5' C>T Damage >= 0.01, Breadth Ratio >= 0.8, Entropy (1000bp) >= 0.8 (bacteria), Edit distance damaged >= 0.5, Edit distance default (non-damaged) >= 0.6, Genus Ranking = 1, Read Mapping Ratio >= 0.5 | AA4: 0.8168 | AB4: 0.9591
A5: Brucella_melitensis__tier4_mid__6438reads | B5: Brucella suis | D5: bowtie2 | E5: TRUE | F5: 26 | G5: 5.8932896 | H5: 0.0018354115 | I5: TRUE | J5: 0 | K5: FALSE | L5: 5637 | M5: 216.8077 | N5: 0.1066X | O5: 10.15% | P5: 62.72 | Q5: 62 | R5: 0.160445 | S5: 0.9572 | T5: 1.0037 | U5: 99.28% | V5: 0.8638 | W5: 0.8581 | X5: #3 | Y5: 9/10 | Z5: E-value > 0.001, Reads >= 20, ANI > 96.5%, 5' C>T Damage >= 0.01, Breadth Ratio >= 0.8, Entropy (1000bp) >= 0.8 (bacteria), Edit distance damaged >= 0.5, Edit distance default (non-damaged) >= 0.6, Read Mapping Ratio >= 0.5 | AA5: 0.8131 | AB5: 0.9572
A6: Brucella_melitensis__tier5_mid_high__27795reads | B6: Brucella melitensis | D6: bowtie2 | E6: TRUE | F6: 1744 | G6: 16.938412 | H6: 0.71879782 | I6: TRUE | J6: 0 | K6: FALSE | L6: 25237 | M6: 14.4708 | N6: 0.4813X | O6: 38.09% | P6: 62.84 | Q6: 62 | R6: 0.168855 | S6: 0.99 | T6: 0.9971 | U6: 99.43% | V6: 0.8724 | W6: 0.8763 | X6: #1 | Y6: 10/10 | Z6: E-value > 0.001, Reads >= 20, ANI > 96.5%, 5' C>T Damage >= 0.01, Breadth Ratio >= 0.8, Entropy (1000bp) >= 0.8 (bacteria), Edit distance damaged >= 0.5, Edit distance default (non-damaged) >= 0.6, Genus Ranking = 1, Read Mapping Ratio >= 0.5 | AA6: 0.9262 | AB6: 0.99
A7: Brucella_melitensis__tier5_mid_high__27795reads | B7: Brucella suis | D7: bowtie2 | E7: TRUE | F7: 79 | G7: 4.9807864 | H7: 0.0039651544 | I7: TRUE | J7: 0 | K7: FALSE | L7: 24155 | M7: 305.7595 | N7: 0.4586X | O7: 36.44% | P7: 62.95 | Q7: 62 | R7: 0.160412 | S7: 0.9888 | T7: 0.9906 | U7: 99.28% | V7: 0.8662 | W7: 0.8603 | X7: #2 | Y7: 9/10 | Z7: E-value > 0.001, Reads >= 20, ANI > 96.5%, 5' C>T Damage >= 0.01, Breadth Ratio >= 0.8, Entropy (1000bp) >= 0.8 (bacteria), Edit distance damaged >= 0.5, Edit distance default (non-damaged) >= 0.6, Read Mapping Ratio >= 0.5 | AA7: 0.9226 | AB7: 0.9888
A8: Brucella_melitensis__tier6_high__120000reads | B8: Brucella melitensis | D8: bowtie2 | E8: TRUE | F8: 7430 | G8: 21.586717 | H8: 1.6479591 | I8: TRUE | J8: 0 | K8: FALSE | L8: 108179 | M8: 14.5598 | N8: 2.0627X | O8: 86.72% | P8: 62.83 | Q8: 62 | R8: 0.164046 | S8: 0.9967 | T8: 0.9935 | U8: 99.43% | V8: 0.8718 | W8: 0.876 | X8: #1 | Y8: 10/10 | Z8: E-value > 0.001, Reads >= 20, ANI > 96.5%, 5' C>T Damage >= 0.01, Breadth Ratio >= 0.8, Entropy (1000bp) >= 0.8 (bacteria), Edit distance damaged >= 0.5, Edit distance default (non-damaged) >= 0.6, Genus Ranking = 1, Read Mapping Ratio >= 0.5 | AA8: 0.9823 | AB8: 0.9967
A9: Brucella_melitensis__tier6_high__120000reads | B9: Brucella abortus | D9: bowtie2 | E9: TRUE | F9: 85 | G9: 6.6989195 | H9: 0.018334424 | I9: TRUE | J9: 0 | K9: FALSE | L9: 1 | M9: 0.0118 | N9: 0X | O9: 0% | P9: 35 | Q9: 35 | R9: 0 | S9: 0 | T9: 1 | U9: 97.14% | W9: 0.3 | X9: #10 | Y9: 4/9 | Z9: E-value > 0.001, Reads >= 20, ANI > 96.5%, Breadth Ratio >= 0.8 | AA9: 0 | AB9: 0
A10: Brucella_melitensis__tier6_high__120000reads | B10: Brucella ovis | D10: bowtie2 | E10: TRUE | F10: 91 | G10: 4.3076463 | H10: 0.011550462 | I10: TRUE | J10: 0 | K10: FALSE | L10: 100451 | M10: 1103.8571 | N10: 1.928X | O10: 83.18% | P10: 62.87 | Q10: 62 | R10: 0.153975 | S10: 0.996 | T10: 0.9734 | U10: 99.26% | V10: 0.8646 | W10: 0.8571 | X10: #9 | Y10: 9/10 | Z10: E-value > 0.001, Reads >= 20, ANI > 96.5%, 5' C>T Damage >= 0.01, Breadth Ratio >= 0.8, Entropy (1000bp) >= 0.8 (bacteria), Edit distance damaged >= 0.5, Edit distance default (non-damaged) >= 0.6, Read Mapping Ratio >= 0.5 | AA10: 0.9798 | AB10: 0.996
A11: Brucella_melitensis__tier6_high__120000reads | B11: Brucella suis | D11: bowtie2 | E11: TRUE | F11: 393 | G11: 4.0924675 | H11: 0.013014595 | I11: TRUE | J11: 0 | K11: FALSE | L11: 103420 | M11: 263.1552 | N11: 1.9617X | O11: 84.13% | P11: 62.88 | Q11: 62 | R11: 0.155998 | S11: 0.9957 | T11: 0.979 | U11: 99.29% | V11: 0.8655 | W11: 0.8597 | X11: #2 | Y11: 9/10 | Z11: E-value > 0.001, Reads >= 20, ANI > 96.5%, 5' C>T Damage >= 0.01, Breadth Ratio >= 0.8, Entropy (1000bp) >= 0.8 (bacteria), Edit distance damaged >= 0.5, Edit distance default (non-damaged) >= 0.6, Read Mapping Ratio >= 0.5 | AA11: 0.9803 | AB11: 0.9957
A12: Coxiella_burnetii__tier1_very_low__80reads | B12: Coxiella burnetii | D12: bowtie2 | E12: TRUE | F12: 76 | G12: 31.791791 | H12: 0.028292661 | I12: TRUE | J12: 0 | K12: FALSE | L12: 276 | M12: 3.6316 | N12: 0.0066X | O12: 0.33% | P12: 48.64 | Q12: 42 | R12: 0.068966 | S12: 0.4289 | T12: 0.5058 | U12: 98.80% | V12: 0.8875 | W12: 0.6996 | X12: #1 | Y12: 8/10 | Z12: E-value > 0.001, Reads >= 50, ANI > 96.5%, 5' C>T Damage >= 0.01, Edit distance damaged >= 0.5, Edit distance default (non-damaged) >= 0.6, Genus Ranking = 1, Read Mapping Ratio >= 0.5 | AA12: 0.404 | AB12: 0.4289
A13: Coxiella_burnetii__tier2_low__345reads | B13: Coxiella burnetii | D13: bowtie2 | E13: TRUE | F13: 331 | G13: 28.786717 | H13: 0.098600562 | I13: TRUE | J13: 0 | K13: FALSE | L13: 522 | M13: 1.577 | N13: 0.0141X | O13: 1.07% | P13: 55.01 | Q13: 52 | R13: 0.12037 | S13: 0.6427 | T13: 0.7652 | U13: 99.20% | V13: 0.8809 | W13: 0.8466 | X13: #1 | Y13: 8/10 | Z13: E-value > 0.001, Reads >= 50, ANI > 96.5%, 5' C>T Damage >= 0.01, Edit distance damaged >= 0.5, Edit distance default (non-damaged) >= 0.6, Genus Ranking = 1, Read Mapping Ratio >= 0.5 | AA13: 0.5436 | AB13: 0.6427
A14: Coxiella_burnetii__tier3_low_mid__1491reads | B14: Coxiella burnetii | D14: bowtie2 | E14: TRUE | F14: 1416 | G14: 30.910465 | H14: 0.43569199 | I14: TRUE | J14: 0 | K14: FALSE | L14: 1588 | M14: 1.1215 | N14: 0.0467X | O14: 4.26% | P14: 59.78 | Q14: 59 | R14: 0.172414 | S14: 0.8651 | T14: 0.9346 | U14: 99.41% | V14: 0.8756 | W14: 0.8688 | X14: #1 | Y14: 10/10 | Z14: E-value > 0.001, Reads >= 50, ANI > 96.5%, 5' C>T Damage >= 0.01, Breadth Ratio >= 0.8, Entropy (1000bp) >= 0.8 (bacteria), Edit distance damaged >= 0.5, Edit distance default (non-damaged) >= 0.6, Genus Ranking = 1, Read Mapping Ratio >= 0.5 | AA14: 0.711 | AB14: 0.8651
A15: Coxiella_burnetii__tier4_mid__6438reads | B15: Coxiella burnetii | D15: bowtie2 | E15: TRUE | F15: 6121 | G15: 39.337959 | H15: 1.8932896 | I15: TRUE | J15: 0 | K15: FALSE | L15: 6199 | M15: 1.0127 | N15: 0.1888X | O15: 16.99% | P15: 61.91 | Q15: 61 | R15: 0.157978 | S15: 0.9677 | T15: 0.9876 | U15: 99.53% | V15: 0.8774 | W15: 0.8777 | X15: #1 | Y15: 10/10 | Z15: E-value > 0.001, Reads >= 50, ANI > 96.5%, 5' C>T Damage >= 0.01, Breadth Ratio >= 0.8, Entropy (1000bp) >= 0.8 (bacteria), Edit distance damaged >= 0.5, Edit distance default (non-damaged) >= 0.6, Genus Ranking = 1, Read Mapping Ratio >= 0.5 | AA15: 0.853 | AB15: 0.9677
A16: Coxiella_burnetii__tier5_mid_high__27795reads | B16: Coxiella burnetii | D16: bowtie2 | E16: TRUE | F16: 26338 | G16: 71.187335 | H16: 5.5206603 | I16: TRUE | J16: 0 | K16: FALSE | L16: 25882 | M16: 0.9827 | N16: 0.7965X | O16: 54.38% | P16: 62.56 | Q16: 62 | R16: 0.169108 | S16: 0.9924 | T16: 0.9903 | U16: 99.54% | V16: 0.8781 | W16: 0.88 | X16: #1 | Y16: 10/10 | Z16: E-value > 0.001, Reads >= 50, ANI > 96.5%, 5' C>T Damage >= 0.01, Breadth Ratio >= 0.8, Entropy (1000bp) >= 0.8 (bacteria), Edit distance damaged >= 0.5, Edit distance default (non-damaged) >= 0.6, Genus Ranking = 1, Read Mapping Ratio >= 0.5 | AA16: 0.9518 | AB16: 0.9924
A17: Coxiella_burnetii__tier6_high__120000reads | B17: Coxiella burnetii | D17: bowtie2 | E17: TRUE | F17: 113918 | G17: 208.13935 | H17: 7.8701773 | I17: TRUE | J17: 0 | K17: FALSE | L17: 109725 | M17: 0.9632 | N17: 3.3847X | O17: 95.13% | P17: 62.71 | Q17: 62 | R17: 0.171034 | S17: 0.9973 | T17: 0.9847 | U17: 99.54% | V17: 0.8762 | W17: 0.8806 | X17: #1 | Y17: 10/10 | Z17: E-value > 0.001, Reads >= 50, ANI > 96.5%, 5' C>T Damage >= 0.01, Breadth Ratio >= 0.8, Entropy (1000bp) >= 0.8 (bacteria), Edit distance damaged >= 0.5, Edit distance default (non-damaged) >= 0.6, Genus Ranking = 1, Read Mapping Ratio >= 0.5 | AA17: 0.9886 | AB17: 0.9973
A18: Erysipelothrix_rhusiopathiae__tier1_very_low__80reads | B18: Erysipelothrix rhusiopathiae | D18: bowtie2 | E18: TRUE | F18: 69 | G18: 30.956148 | H18: 0.024425739 | I18: TRUE | J18: 0 | K18: FALSE | L18: 76 | M18: 1.1014 | N18: 0.0028X | O18: 0.28% | P18: 64.78 | Q18: 62 | R18: 0.181818 | S18: 0.579 | T18: 1.0014 | U18: 99.47% | V18: 0.6811 | W18: 0.8855 | X18: #1 | Y18: 9/10 | Z18: E-value > 0.001, Reads >= 50, ANI > 96.5%, 5' C>T Damage >= 0.01, Breadth Ratio >= 0.8, Edit distance damaged >= 0.5, Edit distance default (non-damaged) >= 0.6, Genus Ranking = 1, Read Mapping Ratio >= 0.5 | AA18: 0.4427 | AB18: 0.579
A19: Erysipelothrix_rhusiopathiae__tier2_low__345reads | B19: Erysipelothrix rhusiopathiae | D19: bowtie2 | E19: TRUE | F19: 300 | G19: 30.072536 | H19: 0.09787964 | I19: TRUE | J19: 0 | K19: FALSE | L19: 319 | M19: 1.0633 | N19: 0.0113X | O19: 1.12% | P19: 62.8 | Q19: 61 | R19: 0.183333 | S19: 0.7529 | T19: 0.9938 | U19: 99.68% | V19: 0.8919 | W19: 0.8862 | X19: #1 | Y19: 9/10 | Z19: E-value > 0.001, Reads >= 50, ANI > 96.5%, 5' C>T Damage >= 0.01, Breadth Ratio >= 0.8, Edit distance damaged >= 0.5, Edit distance default (non-damaged) >= 0.6, Genus Ranking = 1, Read Mapping Ratio >= 0.5 | AA19: 0.5872 | AB19: 0.7529
A20: Erysipelothrix_rhusiopathiae__tier3_low_mid__1491reads | B20: Erysipelothrix rhusiopathiae | D20: bowtie2 | E20: TRUE | F20: 1344 | G20: 29.115258 | H20: 0.3726125 | I20: TRUE | J20: 0 | K20: FALSE | L20: 1401 | M20: 1.0424 | N20: 0.0492X | O20: 4.8% | P20: 62.2 | Q20: 61 | R20: 0.162879 | S20: 0.9011 | T20: 0.9991 | U20: 99.63% | V20: 0.8827 | W20: 0.8851 | X20: #1 | Y20: 10/10 | Z20: E-value > 0.001, Reads >= 50, ANI > 96.5%, 5' C>T Damage >= 0.01, Breadth Ratio >= 0.8, Entropy (1000bp) >= 0.8 (bacteria), Edit distance damaged >= 0.5, Edit distance default (non-damaged) >= 0.6, Genus Ranking = 1, Read Mapping Ratio >= 0.5 | AA20: 0.7345 | AB20: 0.9011
A21: Erysipelothrix_rhusiopathiae__tier4_mid__6438reads | B21: Erysipelothrix rhusiopathiae | D21: bowtie2 | E21: TRUE | F21: 5743 | G21: 35.935522 | H21: 1.5912129 | I21: TRUE | J21: 0 | K21: FALSE | L21: 5968 | M21: 1.0392 | N21: 0.2112X | O21: 19.05% | P21: 62.66 | Q21: 62 | R21: 0.178538 | S21: 0.9749 | T21: 1.0004 | U21: 99.59% | V21: 0.8777 | W21: 0.8826 | X21: #1 | Y21: 10/10 | Z21: E-value > 0.001, Reads >= 50, ANI > 96.5%, 5' C>T Damage >= 0.01, Breadth Ratio >= 0.8, Entropy (1000bp) >= 0.8 (bacteria), Edit distance damaged >= 0.5, Edit distance default (non-damaged) >= 0.6, Genus Ranking = 1, Read Mapping Ratio >= 0.5 | AA21: 0.8652 | AB21: 0.9749
... A30: Leptospira_borgpetersenii__tier6_high__120000reads | B30: Leptospira weilii | D30: bowtie2 | E30: TRUE | F30: 188 | G30: 7.4350962 | H30: 0.0031483963 | I30: TRUE | J30: 0 | K30: FALSE | L30: 8326 | M30: 44.2872 | N30: 0.1065X | O30: 7.71% | P30: 56.05 | Q30: 53 | R30: 0.088418 | S30: 0.9064 | T30: 0.7626 | U30: 98.22% | V30: 0.8494 | W30: 0.182 | X30: #3 | Y30: 7/10 | Z30: E-value > 0.001, Reads >= 50, ANI > 96.5%, 5' C>T Damage >= 0.01, Entropy (1000bp) >= 0.8 (bacteria), Edit distance damaged >= 0.5, Read Mapping Ratio >= 0.5 | AA30: 0.7952 | AB30: 0.9064
A31: Mycobacterium_leprae__tier3_low_mid__1491reads | B31: Mycobacterium avium | D31: bowtie2 | E31: TRUE | F31: 94 | G31: 9.1858385 | H31: 0.0010557979 | I31: TRUE | J31: 0 | K31: FALSE | L31: 504 | M31: 5.3617 | N31: 0.0042X | O31: 0.23% | P31: 42.89 | Q31: 38 | R31: 0.011834 | S31: 0.5113 | T31: 0.5517 | U31: 98.24% | V31: 0.875 | W31: 0.1957 | Y31: 6/10 | Z31: E-value > 0.001, Reads >= 50, ANI > 96.5%, 5' C>T Damage >= 0.01, Edit distance damaged >= 0.5, Read Mapping Ratio >= 0.5 | AA31: 0.4676 | AB31: 0.5113
A32: Mycobacterium_leprae__tier4_mid__6438reads | B32: Mycobacterium avium | D32: bowtie2 | E32: TRUE | F32: 165 | G32: 15.345601 | H32: 0.0051601842 | I32: TRUE | J32: 0 | K32: FALSE | L32: 571 | M32: 3.4606 | N32: 0.005X | O32: 0.31% | P32: 44.94 | Q32: 39 | R32: 0.011173 | S32: 0.5421 | T32: 0.6168 | U32: 98.41% | V32: 0.875 | W32: 0.2165 | Y32: 6/10 | Z32: E-value > 0.001, Reads >= 50, ANI > 96.5%, 5' C>T Damage >= 0.01, Edit distance damaged >= 0.5, Read Mapping Ratio >= 0.5 | AA32: 0.4902 | AB32: 0.5421
A33: Mycobacterium_leprae__tier5_mid_high__27795reads | B33: Mycobacterium avium | D33: bowtie2 | E33: TRUE | F33: 464 | G33: 22.903838 | H33: 0.032012282 | I33: TRUE | J33: 0 | K33: FALSE | L33: 884 | M33: 1.9052 | N33: 0.0087X | O33: 0.62% | P33: 50.9 | Q33: 45 | R33: 0.040441 | S33: 0.5992 | T33: 0.7215 | U33: 98.74% | V33: 0.8712 | W33: 0.282 | Y33: 6/10 | Z33: E-value > 0.001, Reads >= 50, ANI > 96.5%, 5' C>T Damage >= 0.01, Edit distance damaged >= 0.5, Read Mapping Ratio >= 0.5 | AA33: 0.5525 | AB33: 0.5992
A34: Mycobacterium_leprae__tier6_high__120000reads | B34: Mycobacterium avium | D34: bowtie2 | E34: TRUE | F34: 1838 | G34: 20.550594 | H34: 0.098727903 | I34: TRUE | J34: 0 | K34: FALSE | L34: 2212 | M34: 1.2035 | N34: 0.024X | O34: 1.52% | P34: 56.2 | Q34: 54 | R34: 0.114659 | S34: 0.6308 | T34: 0.6411 | U34: 98.97% | V34: 0.8706 | W34: 0.7714 | Y34: 7/10 | Z34: E-value > 0.001, Reads >= 50, ANI > 96.5%, 5' C>T Damage >= 0.01, Edit distance damaged >= 0.5, Edit distance default (non-damaged) >= 0.6, Read Mapping Ratio >= 0.5 | AA34: 0.6301 | AB34: 0.6308
A35: Sheeppox_virus__tier1_very_low__80reads | B35: Sheeppox virus | D35: bowtie2 | E35: TRUE | F35: 41 | G35: 20.333533 | H35: 0.23418049 | I35: TRUE | J35: 0 | K35: FALSE | L35: 79 | M35: 1.9268 | N35: 0.0339X | O35: 3.37% | P35: 64.27 | Q35: 62 | R35: 0.066667 | S35: 0.8204 | T35: 1.0108 | U35: 99.68% | V35: 0 | W35: 0.887 | X35: #1 | Y35: 9/10 | Z35: E-value > 0.001, Reads >= 1, ANI > 96.5%, 5' C>T Damage >= 0.01, Breadth Ratio >= 0.8, Entropy (1000bp) >= 0.7 (virus), Edit distance default (non-damaged) >= 0.6, Genus Ranking = 1, Read Mapping Ratio >= 0.5 | AA35: 0.5927 | AB35: 0.8204
A36: Sheeppox_virus__tier1_very_low__80reads | B36: Goatpox virus | D36: bowtie2 | E36: TRUE | F36: 1 | G36: 21.023646 | H36: 0.0050043 | I36: TRUE | J36: 0 | K36: FALSE | L36: 44 | M36: 44 | N36: 0.0186X | O36: 1.84% | P36: 63.32 | Q36: 62 | R36: 0 | S36: 0.7088 | T36: 0.9981 | U36: 98.67% | V36: 0 | W36: 0.1831 | X36: #2 | Y36: 6/10 | Z36: E-value > 0.001, Reads >= 1, ANI > 96.5%, Breadth Ratio >= 0.8, Entropy (1000bp) >= 0.7 (virus), Read Mapping Ratio >= 0.5 | AA36: 0.5176 | AB36: 0.7088
A37: Sheeppox_virus__tier2_low__345reads | B37: Sheeppox virus | D37: bowtie2 | E37: TRUE | F37: 171 | G37: 22.631896 | H37: 0.86417947 | I37: TRUE | J37: 0 | K37: FALSE | L37: 332 | M37: 1.9415 | N37: 0.1383X | O37: 12.84% | P37: 62.45 | Q37: 61 | R37: 0.157895 | S37: 0.9382 | T37: 0.9944 | U37: 99.73% | V37: 0.895 | W37: 0.8876 | X37: #1 | Y37: 10/10 | Z37: E-value > 0.001, Reads >= 1, ANI > 96.5%, 5' C>T Damage >= 0.01, Breadth Ratio >= 0.8, Entropy (1000bp) >= 0.7 (virus), Edit distance damaged >= 0.5, Edit distance default (non-damaged) >= 0.6, Genus Ranking = 1, Read Mapping Ratio >= 0.5 | AA37: 0.7714 | AB37: 0.9382
A38: Sheeppox_virus__tier2_low__345reads | B38: Goatpox virus | D38: bowtie2 | E38: TRUE | F38: 2 | G38: 8.5077469 | H38: 0.00163965 | I38: TRUE | J38: 0 | K38: FALSE | L38: 200 | M38: 100 | N38: 0.0822X | O38: 7.73% | P38: 61.5 | Q38: 60.5 | R38: 0.227273 | S38: 0.8984 | T38: 0.9797 | U38: 98.72% | V38: 0.87 | W38: 0.2089 | X38: #3 | Y38: 8/10 | Z38: E-value > 0.001, Reads >= 1, ANI > 96.5%, 5' C>T Damage >= 0.01, Breadth Ratio >= 0.8, Entropy (1000bp) >= 0.7 (virus), Edit distance damaged >= 0.5, Read Mapping Ratio >= 0.5 | AA38: 0.7086 | AB38: 0.8984
A39: Sheeppox_virus__tier2_low__345reads | B39: Lumpy skin disease virus | D39: bowtie2 | E39: TRUE | F39: 3 | G39: 11.360024 | H39: 0.0056451333 | I39: TRUE | J39: 0 | K39: FALSE | L39: 220 | M39: 73.3333 | N39: 0.0913X | O39: 8.61% | P39: 62.56 | Q39: 61 | R39: 0.206897 | S39: 0.9126 | T39: 0.9873 | U39: 98.74% | V39: 0.832 | W39: 0.2637 | X39: #2 | Y39: 8/10 | Z39: E-value > 0.001, Reads >= 1, ANI > 96.5%, 5' C>T Damage >= 0.01, Breadth Ratio >= 0.8, Entropy (1000bp) >= 0.7 (virus), Edit distance damaged >= 0.5, Read Mapping Ratio >= 0.5 | AA39: 0.7198 | AB39: 0.9126
A40: Sheeppox_virus__tier3_low_mid__1491reads | B40: Sheeppox virus | D40: bowtie2 | E40: TRUE | F40: 734 | G40: 37.152883 | H40: 2.8591188 | I40: TRUE | J40: 0 | K40: FALSE | L40: 1417 | M40: 1.9305 | N40: 0.5853X | O40: 44.06% | P40: 61.94 | Q40: 61 | R40: 0.14881 | S40: 0.9824 | T40: 0.9944 | U40: 99.68% | V40: 0.8828 | W40: 0.8866 | X40: #1 | Y40: 10/10 | Z40: E-value > 0.001, Reads >= 1, ANI > 96.5%, 5' C>T Damage >= 0.01, Breadth Ratio >= 0.8, Entropy (1000bp) >= 0.7 (virus), Edit distance damaged >= 0.5, Edit distance default (non-damaged) >= 0.6, Genus Ranking = 1, Read Mapping Ratio >= 0.5 | AA40: 0.9157 | AB40: 0.9824
A41: Sheeppox_virus__tier3_low_mid__1491reads | B41: Goatpox virus | D41: bowtie2 | E41: TRUE | F41: 34 | G41: 6.4570237 | H41: 0.015719735 | I41: TRUE | J41: 0 | K41: FALSE | L41: 805 | M41: 23.6765 | N41: 0.3326X | O41: 26.41% | P41: 61.81 | Q41: 62 | R41: 0.078652 | S41: 0.9645 | T41: 0.9336 | U41: 98.64% | V41: 0.6501 | W41: 0.2408 | X41: #2 | Y41: 8/10 | Z41: E-value > 0.001, Reads >= 1, ANI > 96.5%, 5' C>T Damage >= 0.01, Breadth Ratio >= 0.8, Entropy (1000bp) >= 0.7 (virus), Edit distance damaged >= 0.5, Read Mapping Ratio >= 0.5 | AA41: 0.8566 | AB41: 0.9645
A42: Sheeppox_virus__tier3_low_mid__1491reads | B42: Lumpy skin disease virus | D42: bowtie2 | E42: TRUE | F42: 24 | G42: 7.8076196 | H42: 0.020889583 | I42: TRUE | J42: 0 | K42: FALSE | L42: 890 | M42: 37.0833 | N42: 0.3669X | O42: 29.62% | P42: 62.17 | Q42: 61 | R42: 0.085714 | S42: 0.9653 | T42: 0.9644 | U42: 98.75% | V42: 0.8245 | W42: 0.6907 | X42: #3 | Y42: 9/10 | Z42: E-value > 0.001, Reads >= 1, ANI > 96.5%, 5' C>T Damage >= 0.01, Breadth Ratio >= 0.8, Entropy (1000bp) >= 0.7 (virus), Edit distance damaged >= 0.5, Edit distance default (non-damaged) >= 0.6, Read Mapping Ratio >= 0.5 | AA42: 0.8693 | AB42: 0.9653
A43: Sheeppox_virus__tier4_mid__6438reads | B43: Sheeppox virus | D43: bowtie2 | E43: TRUE | F43: 3160 | G43: 110.12052 | H43: 5.1554672 | I43: TRUE | J43: 0 | K43: FALSE | L43: 6056 | M43: 1.9165 | N43: 2.5244X | O43: 89.57% | P43: 62.51 | Q43: 61 | R43: 0.175623 | S43: 0.9919 | T43: 0.9736 | U43: 99.70% | V43: 0.8838 | W43: 0.8872 | X43: #1 | Y43: 10/10 | Z43: E-value > 0.001, Reads >= 1, ANI > 96.5%, 5' C>T Damage >= 0.01, Breadth Ratio >= 0.8, Entropy (1000bp) >= 0.7 (virus), Edit distance damaged >= 0.5, Edit distance default (non-damaged) >= 0.6, Genus Ranking = 1, Read Mapping Ratio >= 0.5 | AA43: 0.9783 | AB43: 0.9919
A44: Sheeppox_virus__tier4_mid__6438reads | B44: Goatpox virus | D44: bowtie2 | E44: TRUE | F44: 76 | G44: 5.9000255 | H44: 0.028642895 | I44: TRUE | J44: 0 | K44: FALSE | L44: 3471 | M44: 45.6711 | N44: 1.4398X | O44: 63.77% | P44: 62.06 | Q44: 61 | R44: 0.1225 | S44: 0.9815 | T44: 0.8358 | U44: 98.65% | V44: 0.8487 | W44: 0.2459 | X44: #3 | Y44: 8/10 | Z44: E-value > 0.001, Reads >= 1, ANI > 96.5%, 5' C>T Damage >= 0.01, Breadth Ratio >= 0.8, Entropy (1000bp) >= 0.7 (virus), Edit distance damaged >= 0.5, Read Mapping Ratio >= 0.5 | AA44: 0.9428 | AB44: 0.9815
A45: Sheeppox_virus__tier4_mid__6438reads | B45: Lumpy skin disease virus | D45: bowtie2 | E45: TRUE | F45: 98 | G45: 4.8891394 | H45: 0.032181714 | I45: TRUE | J45: 0 | K45: FALSE | L45: 3909 | M45: 39.8878 | N45: 1.6095X | O45: 68.43% | P45: 62.08 | Q45: 61 | R45: 0.139785 | S45: 0.9823 | T45: 0.8554 | U45: 98.78% | V45: 0.8473 | W45: 0.6306 | X45: #2 | Y45: 9/10 | Z45: E-value > 0.001, Reads >= 1, ANI > 96.5%, 5' C>T Damage >= 0.01, Breadth Ratio >= 0.8, Entropy (1000bp) >= 0.7 (virus), Edit distance damaged >= 0.5, Edit distance default (non-damaged) >= 0.6, Read Mapping Ratio >= 0.5 | AA45: 0.9482 | AB45: 0.9823
A46: Sheeppox_virus__tier5_mid_high__27795reads | B46: Sheeppox virus | D46: bowtie2 | E46: TRUE | F46: 13645 | G46: 77.112898 | H46: 2.1507108 | I46: TRUE | J46: 0 | K46: FALSE | L46: 25180 | M46: 1.8454 | N46: 10.5586X | O46: 97.12% | P46: 62.88 | Q46: 62 | R46: 0.18654 | S46: 0.9941 | T46: 0.9712 | U46: 99.69% | V46: 0.8837 | W46: 0.8877 | X46: #1 | Y46: 10/10 | Z46: E-value > 0.001, Reads >= 1, ANI > 96.5%, 5' C>T Damage >= 0.01, Breadth Ratio >= 0.8, Entropy (1000bp) >= 0.7 (virus), Edit distance damaged >= 0.5, Edit distance default (non-damaged) >= 0.6, Genus Ranking = 1, Read Mapping Ratio >= 0.5 | AA46: 0.9923 | AB46: 0.9941
... A83: Yersinia_pestis__tier6_high__120000reads | B83: Yersinia pestis | D83: bowtie2 | E83: TRUE | F83: 11705 | G83: 31.441076 | H83: 2.4461261 | I83: TRUE | J83: 0 | K83: FALSE | L83: 105950 | M83: 9.0517 | N83: 1.4262X | O83: 73.99% | P83: 62.71 | Q83: 62 | R83: 0.171088 | S83: 0.9935 | T83: 0.9738 | U83: 99.50% | V83: 0.8756 | W83: 0.8788 | X83: #1 | Y83: 10/10 | Z83: E-value > 0.001, Reads >= 20, ANI > 96.5%, 5' C>T Damage >= 0.01, Breadth Ratio >= 0.8, Entropy (1000bp) >= 0.8 (bacteria), Edit distance damaged >= 0.5, Edit distance default (non-damaged) >= 0.6, Genus Ranking = 1, Read Mapping Ratio >= 0.5 | AA83: 0.9737 | AB83: 0.9935

Sheet S4  Samples infos
A1: samp_name | B1: biosamples_accession | C1: Tissue | D1: tissue_detailled | E1: samp_taxon_common | F1: Basic_taxon_name | G1: specific_host | H1: latitude | I1: longitude | J1: geo_loc_name | K1: site_name | L1: sample_age | M1: sample_age_upper | N1: sample_age_lower
A2: 10304 | B2: SAMEA3909844; SAMEA3909853 | C2: soft_tissue | D2: skin of body, UBERON:0002097 | E2: Sheep | F2: Ovis | G2: Ovis, Ovis aries | H2: 46.779423845180986 | I2: 10.839684636412922 | J2: Italy | K2: Otzal Alps | L2: 5177.5 | M2: 5300 | N2: 5055
A3: OCD | B3: SAMEA3909841; SAMEA3909850 | C3: soft_tissue | D3: skin of body, UBERON:0002097 | E3: Sheep | F3: Ovis | G3: Ovis, Ovis aries | H3: 46.779423845180986 | I3: 10.839684636412922 | J3: Italy | K3: Otzal Alps | L3: 5177.5 | M3: 5300 | N3: 5055
A4: OCL2 | B4: SAMEA3909842; SAMEA3909851 | C4: soft_tissue | D4: skin of body, UBERON:0002097 | E4: Sheep | F4: Ovis | G4: Ovis, Ovis aries | H4: 46.779423845180986 | I4: 10.839684636412922 | J4: Italy | K4: Otzal Alps | L4: 5177.5 | M4: 5300 | N4: 5055
A5: OLC | B5: SAMEA3909852; SAMEA3909843 | C5: soft_tissue | D5: skin of body, UBERON:0002097 | E5: Sheep | F5: Ovis | G5: Ovis, Ovis aries | H5: 46.779423845180986 | I5: 10.839684636412922 | J5: Italy | K5: Otzal Alps | L5: 5177.5 | M5: 5300 | N5: 5055
A6: Alzey1 | B6: SAMEA113400629 | C6: petrous_cranial | D6: petrous part of temporal bone, UBERON:0001694 | E6: Sheep | F6: Ovis | G6: Ovis, Ovis aries | H6: 49.746201 | I6: 8.1171135 | J6: Germany | K6: Alzey | L6: 1700 | M6: 1900 | N6: 1500
A7: Asikli1 | B7: SAMEA113400630 | C7: long_bone | D7: humerus, UBERON:0000976 | E7: Sheep | F7: Ovis | G7: Ovis, Ovis aries | H7: 38.34935 | I7: 34.230237 | J7: Turkey | K7: Aşıklı Höyük | L7: 9608 | M7: 9679 | N7: 9536
A8: Asikli2 | B8: SAMEA113400631 | C8: long_bone | D8: humerus, UBERON:0000976 | E8: Sheep | F8: Ovis | G8: Ovis, Ovis aries | H8: 38.34935 | I8: 34.230237 | J8: Turkey | K8: Aşıklı Höyük | L8: 9750 | M8: 9950 | N8: 9550
A9: Asikli3 | B9: SAMEA113400632 | C9: long_bone | D9: humerus, UBERON:0000976 | E9: Sheep | F9: Ovis | G9: Ovis, Ovis aries | H9: 38.34935 | I9: 34.230237 | J9: Turkey | K9: Aşıklı Höyük | L9: 10200 | M9: 10400 | N9: 10000
A10: Asikli4 | B10: SAMEA113400633 | C10: long_bone | D10: humerus, UBERON:0000976 | E10: Sheep | F10: Ovis | G10: Ovis, Ovis aries | H10: 38.34935 | I10: 34.230237 | J10: Turkey | K10: Aşıklı Höyük | L10: 10200 | M10: 10400 | N10: 10000
A11: Asikli5 | B11: SAMEA113400634 | C11: long_bone | D11: humerus, UBERON:0000976 | E11: Sheep | F11: Ovis | G11: Ovis, Ovis aries | H11: 38.34935 | I11: 34.230237 | J11: Turkey | K11: Aşıklı Höyük | L11: 9904 | M11: 10118 | N11: 9689
A12: Asikli6 | B12: SAMEA113400635 | C12: long_bone | D12: femur, UBERON:0000981 | E12: Sheep | F12: Ovis | G12: Ovis, Ovis aries | H12: 38.34935 | I12: 34.230237 | J12: Turkey | K12: Aşıklı Höyük | L12: 9724 | M12: 9891 | N12: 9557
A13: Asikli8 | B13: SAMEA113400637 | C13: petrous_cranial | D13: petrous part of temporal bone, UBERON:0001694 | E13: Sheep | F13: Ovis | G13: Ovis, Ovis aries | H13: 38.34935 | I13: 34.230237 | J13: Turkey | K13: Aşıklı Höyük | L13: 9860 | M13: 10111 | N13: 9608
A14: Blagotin10 | B14: SAMEA113400641 | C14: petrous_cranial | D14: petrous part of temporal bone, UBERON:0001694 | E14: Sheep | F14: Ovis | G14: Ovis, Ovis aries | H14: 43.717483 | I14: 21.097898 | J14: Serbia | K14: Blagotin-Poljna | L14: 8225 | M14: 8425 | N14: 8025
A15: Blagotin11 | B15: SAMEA113400642 | C15: petrous_cranial | D15: petrous part of temporal bone, UBERON:0001694 | E15: Sheep | F15: Ovis | G15: Ovis, Ovis aries | H15: 43.717483 | I15: 21.097898 | J15: Serbia | K15: Blagotin-Poljna | L15: 8225 | M15: 8425 | N15: 8025
A16: Blagotin13 | B16: SAMEA113400643 | C16: petrous_cranial | D16: petrous part of temporal bone, UBERON:0001694 | E16: Sheep | F16: Ovis | G16: Ovis, Ovis aries | H16: 43.717483 | I16: 21.097898 | J16: Serbia | K16: Blagotin-Poljna | L16: 8225 | M16: 8425 | N16: 8025
A17: Blagotin15 | B17: SAMEA115573856 | C17: petrous_cranial | D17: petrous part of temporal bone, UBERON:0001694 | E17: Sheep | F17: Ovis | G17: Ovis, Ovis aries | H17: 43.717483 | I17: 21.097898 | J17: Serbia | K17: Blagotin-Poljna | L17: 8225 | M17: 8425 | N17: 8025
... A85: Azer13 | B85: SAMEA113400639 | C85: petrous_cranial | D85: petrous part of temporal bone, UBERON:0001694 | E85: Sheep | F85: Ovis | G85: Ovis, Ovis aries | H85: 36.54426 | I85: 46.211329 | J85: Iran | K85: Ali Abad | L85: 4500 | M85: 4700 | N85: 4300
A86: Azer2 | B86: SAMEA8609222 | C86: petrous_cranial | D86: petrous part of temporal bone, UBERON:0001694 | E86: Sheep | F86: Ovis | G86: Ovis, Ovis aries | H86: 37.004527 | I86: 45.458845 | J86: Iran | K86: Tepe Hasanlu | L86: 2550 | M86: 2750 | N86: 2650
A87: bad003 | B87: SAMEA114638840; SAMEA114806684 | C87: missing | D87: missing | E87: Sheep | F87: Ovis | G87: Ovis, Ovis aries | H87: 37.213233 | I87: 30.475069 | J87: Turkey | K87: Bademağacı | L87: 8820 | M87: 8985 | N87: 8655
A88: bar001 | B88: SAMEA114638841; SAMEA114806685 | C88: missing | D88: missing | E88: Sheep | F88: Ovis | G88: Ovis, Ovis aries | H88: 40.301024 | I88: 29.608647 | J88: Turkey | K88: Barcın | L88: 8200 | M88: 8250 | N88: 8150
A89: BFMC304A | B89: SAMEA116133605 | C89: petrous_cranial | D89: petrous part of temporal bone, UBERON:0001694 | E89: Sheep | F89: Ovis | G89: Ovis, Ovis aries | H89: 49.388729 | I89: 3.3938687 | J89: France | K89: Bucy-le-Long "le Fond du Marais", Picardie | L89: 6750 | M89: 6850 | N89: 6650
A90: BFMC304B | B90: SAMEA116133606 | C90: petrous_cranial | D90: petrous part of temporal bone, UBERON:0001694 | E90: Sheep | F90: Ovis | G90: Ovis, Ovis aries | H90: 49.388729 | I90: 3.3938687 | J90: France | K90: Bucy-le-Long "le Fond du Marais", Picardie | L90: 6750 | M90: 6850 | N90: 6650
A91: Chalow2 | B91: SAMEA113400640 | C91: petrous_cranial | D91: petrous part of temporal bone, UBERON:0001694 | E91: Sheep | F91: Ovis | G91: Ovis, Ovis aries | H91: 37.10355 | I91: 56.885281 | J91: Iran | K91: Chalow | L91: 4400 | M91: 4600 | N91: 4200
A92: Chishma1 | B92: SAMEA113400652 | C92: other_bone | D92: talus, UBERON:0002395 | E92: Sheep | F92: Ovis | G92: Ovis, Ovis aries | H92: 54.249722 | I92: 55.546944 | J92: Russia | K92: Chishminskoye | L92: 3481 | M92: 3564 | N92: 3398
A93: Enkhuizen1 | B93: SAMEA113400658 | C93: petrous_cranial | D93: petrous part of temporal bone, UBERON:0001694 | E93: Sheep | F93: Ovis | G93: Ovis, Ovis aries | H93: 52.7 | I93: 5.3 | J93: Netherlands | K93: Enkhuizen | L93: 3080 | M93: 3162 | N93: 2998
A94: erb002 | B94: SAMEA114638842; SAMEA114806686 | C94: missing | D94: missing | E94: Sheep | F94: Ovis | G94: Ovis, Ovis aries | H94: 37.352004 | I94: 31.925888 | J94: Turkey | K94: Erbaba Höyük | L94: 8100 | M94: 8250 | N94: 7950
A95: ERB455 | B95: SAMEA114638850 | C95: other_bone | D95: scapula, UBERON:0006849 | E95: Sheep | F95: Ovis | G95: Ovis, Ovis aries | H95: 37.352004 | I95: 31.925888 | J95: Turkey | K95: Erbaba Höyük | L95: 8200 | M95: 8450 | N95: 7950
A96: Fars3 | B96: SAMEA113400659 | C96: petrous_cranial | D96: petrous part of temporal bone, UBERON:0001694 | E96: Sheep | F96: Ovis | G96: Ovis, Ovis aries | H96: 29.175287 | I96: 52.765664 | J96: Iran | K96: Tepe Qasrdasht | L96: 5867 | M96: 5985 | N96: 5749
A97: Gadachrili3 | B97: SAMEA113400661 | C97: petrous_cranial | D97: petrous part of temporal bone, UBERON:0001694 | E97: Sheep | F97: Ovis | G97: Ovis, Ovis aries | H97: 41.39055 | I97: 44.82084 | J97: Georgia | K97: Gadachrili Gora | L97: 7850 | M97: 8050 | N97: 7650
A98: Gadachrili4 | B98: SAMEA113400662 | C98: petrous_cranial | D98: petrous part of temporal bone, UBERON:0001694 | E98: Sheep | F98: Ovis | G98: Ovis, Ovis aries | H98: 41.39055 | I98: 44.82084 | J98: Georgia | K98: Gadachrili Gora | L98: 7863 | M98: 7970 | N98: 7755
... A108: Jelsum2 | B108: SAMEA113400689 | C108: petrous_cranial | D108: petrous part of temporal bone, UBERON:0001694 | E108: Sheep | F108: Ovis | G108: Ovis, Ovis aries | H108: 53.23 | I108: 5.78 | J108: Netherlands | K108: Jelsum | L108: 2081 | M108: 2281 | N108: 1881
A109: Khor1 | B109: SAMEA8609212 | C109: petrous_cranial | D109: petrous part of temporal bone, UBERON:0001694 | E109: Sheep | F109: Ovis | G109: Ovis, Ovis aries | H109: 36.169834 | I109: 58.81134 | J109: Iran | K109: Nishapur | L109: 3000 | M109: 3300 | N109: 2700
A110: Kortik4 | B110: SAMEA113400695 | C110: petrous_cranial | D110: petrous part of temporal bone, UBERON:0001694 | E110: Mouflon | F110: Ovis | G110: Ovis, Ovis gmelini | H110: 37.81442 | I110: 40.98383 | J110: Turkey | K110: Körtiktepe | L110: 11613 | M110: 11823 | N110: 11403
A111: Kultepe1 | B111: SAMEA113400696 | C111: petrous_cranial | D111: petrous part of temporal bone, UBERON:0001694 | E111: Sheep | F111: Ovis | G111: Ovis, Ovis aries | H111: 39.270278 | I111: 45.451944 | J111: Azerbaijan | K111: Kültepe I | L111: 7723 | M111: 7923 | N111: 7523
A112: Kur1 | B112: SAMEA113400697 | C112: petrous_cranial | D112: petrous part of temporal bone, UBERON:0001694 | E112: Sheep | F112: Ovis | G112: Ovis, Ovis aries | H112: 35.776299 | I112: 48.12043 | J112: Iran | K112: Sad-e Talvar | L112: 6000 | M112: 6200 | N112: 5800
A113: Lur10 | B113: SAMEA113400698 | C113: petrous_cranial | D113: petrous part of temporal bone, UBERON:0001694 | E113: Sheep | F113: Ovis | G113: Ovis, Ovis aries | H113: 33.449951 | I113: 49.451685 | J113: Iran | K113: Tepe Qela Gap | L113: 7142 | M113: 7274 | N113: 7010
A114: Lur11 | B114: SAMEA113400699 | C114: petrous_cranial | D114: petrous part of temporal bone, UBERON:0001694 | E114: Sheep | F114: Ovis | G114: Ovis, Ovis aries | H114: 33.449951 | I114: 49.451685 | J114: Iran | K114: Tepe Qela Gap | L114: 5000 | M114: 5200 | N114: 4800
A115: Lur16 | B115: SAMEA113400700 | C115: petrous_cranial | D115: petrous part of temporal bone, UBERON:0001694 | E115: Sheep | F115: Ovis | G115: Ovis, Ovis aries | H115: 33.449951 | I115: 49.451685 | J115: Iran | K115: Tepe Qela Gap | L115: 5000 | M115: 5200 | N115: 4800
A116: MDVC564 | B116: SAMEA116133604 | C116: petrous_cranial | D116: petrous part of temporal bone, UBERON:0001694 | E116: Sheep | F116: Ovis | G116: Ovis, Ovis aries | H116: 49.431467 | I116: 4.0048772 | J116: France | K116: Mennevile-Derrière-Le-Village, Picardie | L116: 6950 | M116: 7050 | N116: 6850
A117: Mongolia1 | B117: SAMEA113400716 | C117: petrous_cranial | D117: petrous part of temporal bone, UBERON:0001694 | E117: Sheep | F117: Ovis | G117: Ovis, Ovis aries | H117: 49.482 | I117: 103.3662 | J117: Mongolia | K117: Burkhan Tolgoi | L117: 1831 | M117: 1922 | N117: 1740
A118: MUM2 | B118: SAMEA8609215; SAMEA8609217;SAMEA8609220;SAMEA8609214;SAMEA8609218;SAMEA8609219;SAMEA8609213;SAMEA8609216 | C118: soft_tissue | D118: skin of body, UBERON:0002097 | E118: Sheep | F118: Ovis | G118: Ovis, Ovis aries | H118: 36.91598541474066 | I118: 47.85647296212747 | J118: Iran | K118: Chehrabad | L118: 1481 | M118: 1411 | N118: 1551
A119: Nachcharini1 | B119: SAMEA113400717 | C119: petrous_cranial | D119: petrous part of temporal bone, UBERON:0001694 | E119: Mouflon | F119: Ovis | G119: Ovis, Ovis gmelini | H119: 34.0775 | I119: 36.347778 | J119: Lebanon | K119: Nachcharini Cave | L119: 11476 | M119: 11684 | N119: 11268
A120: Nachcharini2 | B120: SAMEA113400718 | C120: petrous_cranial | D120: petrous part of temporal bone, UBERON:0001694 | E120: Mouflon | F120: Ovis | G120: Ovis, Ovis gmelini | H120: 34.0775 | I120: 36.347778 | J120: Lebanon | K120: Nachcharini Cave | L120: 12000 | M120: 12200 | N120: 11800
A121: Nachcharini4 | B121: SAMEA113400719 | C121: petrous_cranial | D121: petrous part of temporal bone, UBERON:0001694 | E121: Mouflon | F121: Ovis | G121: Ovis, Ovis gmelini | H121: 34.0775 | I121: 36.347778 | J121: Lebanon | K121: Nachcharini Cave | L121: 12000 | M121: 12200 | N121: 11800
A122: Nizzana4 | B122: SAMEA113400720 | C122: petrous_cranial | D122: petrous part of temporal bone, UBERON:0001694 | E122: Sheep | F122: Ovis | G122: Ovis, Ovis aries | H122: 30.876119 | I122: 34.432833 | J122: Israel | K122: Nizzana | L122: 1030 | M122: 1230 | N122: 830
A123: Nizzana5 | B123: SAMEA113400721 | C123: petrous_cranial | D123: petrous part of temporal bone, UBERON:0001694 | E123: Sheep | F123: Ovis | G123: Ovis, Ovis aries | H123: 30.876119 | I123: 34.432833 | J123: Israel | K123: Nizzana | L123: 1030 | M123: 1230 | N123: 830
A124: OB20-01 | B124: SAMEA8022720 | C124: tooth | D124: mandible, UBERON:0001684 | E124: Sheep | F124: Ovis | G124: Ovis, Ovis aries | H124: 39.95000000 | I124: 71.26666667 | J124: Kyrgyzstan | K124: Obishir V | L124: 7817 | M124: 7933 | N124: 7701
A125: OB20-04 | B125: SAMEA8022724 | C125: tooth | D125: mandible, UBERON:0001684 | E125: Sheep | F125: Ovis | G125: Ovis, Ovis aries | H125: 39.95000000 | I125: 71.26666667 | J125: Kyrgyzstan | K125: Obishir V | L125: 4802 | M125: 4953 | N125: 4651
A126: OB20-06 | B126: SAMEA8022721 | C126: tooth | D126: mandible, UBERON:0001684 | E126: Sheep | F126: Ovis | G126: Ovis, Ovis aries | H126: 39.95000000 | I126: 71.26666667 | J126: Kyrgyzstan | K126: Obishir V | L126: 7831 | M126: 7941 | N126: 7721
A127: Ovcular2 | B127: SAMEA113903265 | C127: petrous_cranial | D127: petrous part of temporal bone, UBERON:0001694 | E127: Sheep | F127: Ovis | G127: Ovis, Ovis aries | H127: 39.5923 | I127: 45.0678 | J127: Azerbaijan | K127: Ovçular Tepesi | L127: 6075 | M127: 6275 | N127: 5875
A128: PA1 | B128: SAMEA2421499 | C128: soft_tissue | D128: skin of body, UBERON:0002097 | E128: Sheep | F128: Ovis | G128: Ovis, Ovis aries | H128: 53.949068217553 | I128: -1.051426559660384 | J128: United Kingdom | K128: Borthwick Institute for Archives | L128: 299.5 | M128: 349 | N128: 250
A129: PA2 | B129: SAMEA2421500 | C129: soft_tissue | D129: skin of body, UBERON:0002097 | E129: Sheep | F129: Ovis | G129: Ovis, Ovis aries | H129: 53.949068217553 | I129: -1.051426559660384 | J129: United Kingdom | K129: Borthwick Institute for Archives | L129: 199.5 | M129: 249 | N129: 150
A130: Padayatak1 | B130: SAMEA113400723 | C130: petrous_cranial | D130: petrous part of temporal bone, UBERON:0001694 | E130: Sheep | F130: Ovis | G130: Ovis, Ovis aries | H130: 39.142222 | I130: 66.770833 | J130: Uzbekistan | K130: Padayatak | L130: 3000 | M130: 3200 | N130: 2800
A131: pbh003 | B131: SAMEA114806689; SAMEA114806690; SAMEA114806691; SAMEA114638836 | C131: long_bone | D131: metapodium bone, UBERON:0003821 | E131: Sheep | F131: Ovis | G131: Ovis, Ovis aries | H131: 37.4939 | I131: 33.0192 | J131: France | K131: Pınarbaşı | L131: >12950 | M131: not applicable | N131: not applicable
A132: Pie10 | B132: SAMEA115573854 | C132: other_bone | D132: long bone, UBERON:0002495 | E132: Sheep | F132: Ovis | G132: Ovis, Ovis aries | H132: 44.059471 | I132: 26.119469 | J132: Romania | K132: Mǎgura Gorgana | L132: 6376 | M132: 6444 | N132: 6307
A133: Pie11 | B133: SAMEA115573855 | C133: other_bone | D133: long bone, UBERON:0002495 | E133: Sheep | F133: Ovis | G133: Ovis, Ovis aries | H133: 44.059471 | I133: 26.119469 | J133: Romania | K133: Mǎgura Gorgana | L133: 6300 | M133: 6500 | N133: 6100
A134: Qazvin2 | B134: SAMEA113400724 | C134: petrous_cranial | D134: petrous part of temporal bone, UBERON:0001694 | E134: Sheep | F134: Ovis | G134: Ovis, Ovis aries | H134: 36.655402 | I134: 49.04005 | J134: Iran | K134: Tepe Shizar | L134: 4282 | M134: 4406 | N134: 4158
A135: Qom1 | B135: SAMEA113400725 | C135: petrous_cranial | D135: petrous part of temporal bone, UBERON:0001694 | E135: Sheep | F135: Ovis | G135: Ovis, Ovis aries | H135: 34.59652 | I135: 50.921888 | J135: Iran | K135: Qoli Darvish | L135: 3000 | M135: 3200 | N135: 2800
A136: Sangir1 | B136: SAMEA113400726 | C136: petrous_cranial | D136: petrous part of temporal bone, UBERON:0001694 | E136: Sheep | F136: Ovis | G136: Ovis, Ovis aries | H136: 39.127778 | I136: 66.773611 | J136: Uzbekistan | K136: Sangir Tepe | L136: 3000 | M136: 3200 | N136: 2800
A137: Schwabmun1 | B137: SAMEA113400727 | C137: long_bone | D137: tibia, UBERON:0000979 | E137: Sheep | F137: Ovis | G137: Ovis, Ovis aries | H137: 48.178889 | I137: 10.755 | J137: Germany | K137: Schwabmünchen | L137: 3296 | M137: 3374 | N137: 3218
A138: Semnan11 | B138: SAMEA113400728 | C138: petrous_cranial | D138: petrous part of temporal bone, UBERON:0001694 | E138: Sheep | F138: Ovis | G138: Ovis, Ovis aries | H138: 36.527295 | I138: 54.985886 | J138: Iran | K138: Tappeh Sang-e Chakhmaq | L138: 8085 | M138: 8285 | N138: 7885
A139: Semnan15 | B139: SAMEA113400729 | C139: petrous_cranial | D139: petrous part of temporal bone, UBERON:0001694 | E139: Sheep | F139: Ovis | G139: Ovis, Ovis aries | H139: 36.527295 | I139: 54.985886 | J139: Iran | K139: Tappeh Sang-e Chakhmaq | L139: 8085 | M139: 8285 | N139: 7885
A140: Semnan4 | B140: SAMEA113400730 | C140: petrous_cranial | D140: petrous part of temporal bone, UBERON:0001694 | E140: Sheep | F140: Ovis | G140: Ovis, Ovis aries | H140: 36.527295 | I140: 54.985886 | J140: Iran | K140: Tappeh Sang-e Chakhmaq | L140: 8015 | M140: 8159 | N140: 7871
A141: Semnan5 | B141: SAMEA113400731 | C141: petrous_cranial | D141: petrous part of temporal bone, UBERON:0001694 | E141: Sheep | F141: Ovis | G141: Ovis, Ovis aries | H141: 36.527295 | I141: 54.985886 | J141: Iran | K141: Tappeh Sang-e Chakhmaq | L141: 8085 | M141: 8285 | N141: 7885
A142: Shulaveris3 | B142: SAMEA113400732 | C142: petrous_cranial | D142: petrous part of temporal bone, UBERON:0001694 | E142: Sheep | F142: Ovis | G142: Ovis, Ovis aries | H142: 41.4 | I142: 44.8 | J142: Georgia | K142: Shulaveris Gora | L142: 7850 | M142: 8050 | N142: 7650
A143: sub008 | B143: SAMEA114638838; SAMEA114806692 | C143: missing | D143: missing | E143: Sheep | F143: Ovis | G143: Ovis, Ovis aries | H143: 37.35156 | I143: 31.92696 | J143: Turkey | K143: Suberde | L143: 9200 | M143: 9450 | N143: 8950
... A244: Hovk1 | B244: SAMEA4607418 | C244: petrous_cranial | D244: petrous part of temporal bone, UBERON:0001708 | E244: Bezoar | F244: Capra | G244: Capra, Capra aegagrus | H244: 40.8251 | I244: 45.0585 | J244: Armenia | K244: Hovk-1 Cave, Tavush | L244: 75500 | M244: 104000 | N244: 47000
A245: Ibex1 | B245: SAMEA13853352 | C245: tooth | D245: mandible, UBERON:0001684 | E245: Alpine ibex | F245: Capra | G245: Capra, Capra ibex | H245: missing | I245: missing | J245: missing | K245: missing | L245: 51 | M245: 71 | N245: 51
A246: Ibex2 | B246: SAMEA13853353 | C246: tooth | D246: mandible, UBERON:0001684 | E246: Alpine ibex | F246: Capra | G246: Capra, Capra ibex | H246: missing | I246: missing | J246: missing | K246: Pointe de Calabre, France | L246: 12 | M246: 32 | N246: 12
A247: Kan19 | B247: SAMEA4609726 | C247: missing | D247: missing | E247: Goat | F247: Capra | G247: Capra, Capra hircus | H247: 41.719808 | I247: 27.220493 | J247: Turkey | K247: Kanlıgeçit, Kırklareli | L247: 4400 | M247: 4650 | N247: 4150
A248: Kan23 | B248: SAMEA4609727 | C248: missing | D248: missing | E248: Goat | F248: Capra | G248: Capra, Capra hircus | H248: 41.719808 | I248: 27.220493 | J248: Turkey | K248: Kanlıgeçit, Kırklareli | L248: 4495 | M248: 4589 | N248: 4401
A249: Kan25 | B249: SAMEA4609728 | C249: missing | D249: missing | E249: Goat | F249: Capra | G249: Capra, Capra hircus | H249: 41.719808 | I249: 27.220493 | J249: Turkey | K249: Kanlıgeçit, Kırklareli | L249: 4400 | M249: 4650 | N249: 4150
A250: Kazbegi1 | B250: SAMEA4591770 | C250: petrous_cranial | D250: petrous part of temporal bone, UBERON:0001708 | E250: Goat | F250: Capra | G250: Capra, Capra hircus | H250: 42.746109 | I250: 44.623487 | J250: Georgia | K250: Tamara Fort, Kazbegi | L250: 1000 | M250: 1050 | N250: 950
A251: Kohneh2 | B251: SAMEA4609151 | C251: petrous_cranial | D251: petrous part of temporal bone, UBERON:0001708 | E251: Goat | F251: Capra | G251: Capra, Capra hircus | H251: 38.899559 | I251: 46.612424 | J251: Iran | K251: Kohneh Tepesi, Azerbaijan | L251: 5100 | M251: 5250 | N251: 4950
A252: Kov27 | B252: SAMEA4609729 | C252: missing | D252: missing | E252: Goat | F252: Capra | G252: Capra, Capra hircus | H252: 41.5 | I252: 23.4833 | J252: Bulgaria | K252: Kovačevo, Blagoevgrad | L252: 7850 | M252: 8150 | N252: 7550
A253: Kov57 | B253: SAMEA4609139 | C253: missing | D253: missing | E253: Goat | F253: Capra | G253: Capra, Capra hircus | H253: 41.5 | I253: 23.4833 | J253: Bulgaria | K253: Kovačevo, Blagoevgrad | L253: 7850 | M253: 8150 | N253: 7550
A254: Kov60 | B254: SAMEA4609730 | C254: missing | D254: missing | E254: Goat | F254: Capra | G254: Capra, Capra hircus | H254: 41.5 | I254: 23.4833 | J254: Bulgaria | K254: Kovačevo, Blagoevgrad | L254: 7850 | M254: 8150 | N254: 7550
A255: Lur12 | B255: SAMEA4591774 | C255: petrous_cranial | D255: petrous part of temporal bone, UBERON:0001708 | E255: Goat | F255: Capra | G255: Capra, Capra hircus | H255: 34.066 | I255: 48.134 | J255: Iran | K255: Tepe Abdul Hosein, Luristan | L255: 9905 | M255: 10120 | N255: 9690
A256: Lur9 | B256: SAMEA4609152 | C256: petrous_cranial | D256: petrous part of temporal bone, UBERON:0001708 | E256: Goat | F256: Capra | G256: Capra, Capra hircus | H256: 33.150986 | I256: 47.508483 | J256: Iran | K256: Kelek Asad Morad, Luristan | L256: 10300 | M256: 10550 | N256: 10050
A257: Miqne5 | B257: SAMEA4609153 | C257: petrous_cranial | D257: petrous part of temporal bone, UBERON:0001708 | E257: Goat | F257: Capra | G257: Capra, Capra hircus | H257: 31.77889 | I257: 34.84992 | J257: Israel | K257: Tel Miqne-Ekron, Shephelah | L257: 2650 | M257: 2900 | N257: 2400
A258: Monjukli2 | B258: SAMEA4607421 | C258: petrous_cranial | D258: petrous part of temporal bone, UBERON:0001710 | E258: Goat | F258: Capra | G258: Capra, Capra hircus | H258: 36.8485 | I258: 60.4181 | J258: Turkmenistan | K258: Monjukli Depe, Meana-Čaača | L258: 6750 | M258: 7050 | N258: 6450
... A264: Monjukli1 | B264: SAMEA4607420 | C264: petrous_cranial | D264: petrous part of temporal bone, UBERON:0001709 | E264: Goat | F264: Capra | G264: Capra, Capra hircus | H264: 36.8485 | I264: 60.4181 | J264: Turkmenistan | K264: Monjukli Depe, Meana-Čaača | L264: 6750 | M264: 7050 | N264: 6450
A265: Nubiana1 | B265: SAMEA13853359 | C265: tooth | D265: mandible, UBERON:0001684 | E265: Nubian ibex | F265: Capra | G265: Capra, Capra nubiana | H265: missing | I265: missing | J265: missing | K265: Born at the Muséum national d'Histoire naturelle zoo, France, | L265: -60 | M265: -59.5 | N265: -60.5
A266: OB21-04 | B266: SAMEA8022722 | C266: tooth | D266: mandible, UBERON:0001684 | E266: Goat | F266: Capra | G266: Capra, Capra hircus | H266: missing | I266: missing | J266: Kyrgyzstan | K266: Obisir V | L266: 2890 | M266: 2995 | N266: 2785
A267: Ovc11 | B267: SAMEA4609733 | C267: missing | D267: missing | E267: Goat | F267: Capra | G267: Capra, Capra hircus | H267: 43.1141 | I267: 26.3824 | J267: Bulgaria | K267: Ovčarovo-gorata, Tărgovište | L267: 7550 | M267: 7650 | N267: 7450
A268: Pie17 | B268: SAMEA4609734 | C268: missing | D268: missing | E268: Goat | F268: Capra | G268: Capra, Capra hircus | H268: 44.059471 | I268: 26.119469 | J268: Romania | K268: Pietrele, Giurgiu | L268: 6300 | M268: 6400 | N268: 6200
A269: Potterne1 | B269: SAMEA4591772 | C269: petrous_cranial | D269: petrous part of temporal bone, UBERON:0001708 | E269: Goat | F269: Capra | G269: Capra, Capra hircus | H269: 51.324387 | I269: -2.008906 | J269: United Kingdom | K269: Potterne, Wiltshire | L269: 2900 | M269: 3200 | N269: 2600
A270: Pyrenica2 | B270: SAMEA13853358 | C270: tooth | D270: mandible, UBERON:0001684 | E270: Pyrenean ibex | F270: Capra | G270: Capra, capra pyrenica | H270: missing | I270: missing | J270: missing | K270: missing | L270: 4 | M270: 24 | N270: 4
A271: Qazvin1 | B271: SAMEA4591768 | C271: petrous_cranial | D271: petrous part of temporal bone, UBERON:0001708 | E271: Goat | F271: Capra | G271: Capra, Capra hircus | H271: 35.783 | I271: 49.416 | J271: Iran | K271: Tepe Chizar, Qazvin | L271: 4100 | M271: 4350 | N271: 3850
A272: Safi2 | B272: SAMEA4609155 | C272: petrous_cranial | D272: petrous part of temporal bone, UBERON:0001708 | E272: Goat | F272: Capra | G272: Capra, Capra hircus | H272: 31.699722 | I272: 34.846944 | J272: Israel | K272: Tel es-Safi, Ashkelon | L272: 4685 | M272: 4850 | N272: 4520
A273: Semnan1 | B273: SAMEA4591756 | C273: petrous_cranial | D273: petrous part of temporal bone, UBERON:0001708 | E273: Goat | F273: Capra | G273: Capra, Capra hircus | H273: 36.504158 | I273: 55.000786 | J273: Iran | K273: Sang-e Chakhmaq, Semnan | L273: 9144 | M273: 9409 | N273: 8789
A274: Semnan2 | B274: SAMEA4591757 | C274: petrous_cranial | D274: petrous part of temporal bone, UBERON:0001708 | E274: Goat | F274: Capra | G274: Capra, Capra hircus | H274: 36.504158 | I274: 55.000786 | J274: Iran | K274: Sang-e Chakhmaq, Semnan | L274: 9144 | M274: 9409 | N274: 8789
A275: Semnan3 | B275: SAMEA4591758 | C275: petrous_cranial | D275: petrous part of temporal bone, UBERON:0001712 | E275: Goat | F275: Capra | G275: Capra, Capra hircus | H275: 36.504158 | I275: 55.000786 | J275: Iran | K275: Sang-e Chakhmaq, Semnan | L275: 8055.5 | M275: 8171 | N275: 7940
A276: Semnan7 | B276: SAMEA4589054 | C276: petrous_cranial | D276: petrous part of temporal bone, UBERON:0001713 | E276: Goat | F276: Capra | G276: Capra, Capra hircus | H276: 36.504158 | I276: 55.000786 | J276: Iran | K276: Sang-e Chakhmaq, Semnan | L276: 7950 | M276: 8200 | N276: 7700
A277: Semnan8 | B277: SAMEA4591759 | C277: petrous_cranial | D277: petrous part of temporal bone, UBERON:0001714 | E277: Goat | F277: Capra | G277: Capra, Capra hircus | H277: 36.504158 | I277: 55.000786 | J277: Iran | K277: Sang-e Chakhmaq, Semnan | L277: 7950 | M277: 8200 | N277: 7700
A278: Semnan9 | B278: SAMEA4591760 | C278: petrous_cranial | D278: petrous part of temporal bone, UBERON:0001715 | E278: Goat | F278: Capra | G278: Capra, Capra hircus | H278: 36.504158 | I278: 55.000786 | J278: Iran | K278: Sang-e Chakhmaq, Semnan | L278: 7950 | M278: 8200 | N278: 7700
A279: Semnan10 | B279: SAMEA4591755 | C279: petrous_cranial | D279: petrous part of temporal bone, UBERON:0001709 | E279: Goat | F279: Capra | G279: Capra, Capra hircus | H279: 36.504158 | I279: 55.000786 | J279: Iran | K279: Sang-e Chakhmaq, Semnan | L279: 7950 | M279: 8200 | N279: 7700
A280: Semnan13 | B280: SAMEA4607423 | C280: petrous_cranial | D280: petrous part of temporal bone, UBERON:0001710 | E280: Goat | F280: Capra | G280: Capra, Capra hircus | H280: 36.504158 | I280: 55.000786 | J280: Iran | K280: Sang-e Chakhmaq, Semnan | L280: 7950 | M280: 8200 | N280: 7700
A281: Semnan17 | B281: SAMEA4607424 | C281: petrous_cranial | D281: petrous part of temporal bone, UBERON:0001711 | E281: Goat | F281: Capra | G281: Capra, Capra hircus | H281: 36.504158 | I281: 55.000786 | J281: Iran | K281: Sang-e Chakhmaq, Semnan | L281: 7950 | M281: 8200 | N281: 7700
...

Sheet S5  Pathogens Hits empirical da
A1: Sample | B1: Pathogen | C1: Host_best_species | D1: Host_aligner | E1: Pathogen_screening_only | F1: Krakenuniq_reads | G1: Escore | H1: Guellil_et_al_Evalue | I1: Detected_by_Krakenuniq | J1: HOPS_score | K1: Detected_by_HOPS | L1: Mapped_reads | M1: Read_mapping_ratio | N1: Coverage | O1: Evenness | P1: Read_length_mean | Q1: Read_length_median | R1: Damage_5p_CtoT | S1: Relative_entropy | T1: Breadth_ratio | U1: ANI | V1: Edit_distance_logR2 | W1: Genus_ranking | X1: Score | Y1: Criteria_passed | Z1: Relative_entropy_100bp | AA1: Relative_entropy_1000bp | AB1: Edit_distance_decay_quality | AC1: Edit_distance_decay_quality_no_damage
A2: LL157 | B2: Mannheimia haemolytica | D2: bowtie2 | E2: TRUE | F2: 201 | G2: 7.1023903 | H2: 0.0048176692 | I2: TRUE | J2: 0 | K2: FALSE | L2: 458 | M2: 2.2786 | N2: 0.0072X | O2: 0.57% | P2: 43.25 | Q2: 39 | R2: 0.014706 | S2: 0.6181 | T2: 0.7909 | U2: 98.57% | V2: 0 | W2: #1 | X2: 6/10 | Y2: E-value > 0.001, Reads >= 50, ANI > 96.5%, 5' C>T Damage >= 0.01, Genus Ranking = 1, Read Mapping Ratio >= 0.5 | Z2: 0.5522 | AA2: 0.6181 | AB2: 0 | AC2: 0.2667 | AD2: =VLOOKUP(A2,AE:AE,1,FALSE) -> #REF!
A3: LL157 | B3: Bibersteinia trehalosi | D3: bowtie2 | E3: TRUE | F3: 358 | G3: 10.244514 | H3: 0.012112522 | I3: TRUE | J3: 0 | K3: FALSE | L3: 415 | M3: 1.1592 | N3: 0.008X | O3: 0.62% | P3: 45.31 | Q3: 40 | R3: 0 | S3: 0.5819 | T3: 0.7708 | U3: 98.79% | V3: 0 | W3: #1 | X3: 6/10 | Y3: E-value > 0.001, Reads >= 50, ANI > 96.5%, Edit Distance No-Damage Decay Quality >= 0.6, Genus Ranking = 1, Read Mapping Ratio >= 0.5 | Z3: 0.5423 | AA3: 0.5819 | AB3: 0 | AC3: 0.7107 | AD3: =VLOOKUP(A3,AE:AE,1,FALSE) -> #REF!
A4: LL157 | B4: Streptococcus pyogenes | D4: bowtie2 | E4: TRUE | F4: 95 | G4: 9.2695295 | H4: 0.0013487158 | I4: TRUE | J4: 0 | K4: FALSE | L4: 118 | M4: 1.2421 | N4: 0.0028X | O4: 0.24% | P4: 41.29 | Q4: 37 | R4: 0 | S4: 0.5246 | T4: 0.8649 | U4: 98.65% | V4: 0 | W4: #6 | X4: 6/10 | Y4: E-value > 0.001, Reads >= 50, ANI > 96.5%, Breadth Ratio >= 0.8, Edit Distance No-Damage Decay Quality >= 0.6, Read Mapping Ratio >= 0.5 | Z4: 0.463 | AA4: 0.5246 | AB4: 0 | AC4: 0.6319 | AD4: =VLOOKUP(A4,AE:AE,1,FALSE) -> #REF!
A5: LL157 | B5: Streptococcus gallolyticus | D5: bowtie2 | E5: TRUE | F5: 176 | G5: 11.497622 | H5: 0.011500398 | I5: TRUE | J5: 0 | K5: FALSE | L5: 169 | M5: 0.9602 | N5: 0.0032X | O5: 0.27% | P5: 42.96 | Q5: 39 | R5: 0 | S5: 0.5031 | T5: 0.8432 | U5: 98.76% | V5: 0 | W5: #2 | X5: 6/10 | Y5: E-value > 0.001, Reads >= 50, ANI > 96.5%, Breadth Ratio >= 0.8, Edit Distance No-Damage Decay Quality >= 0.6, Read Mapping Ratio >= 0.5 | Z5: 0.4718 | AA5: 0.5031 | AB5: 0 | AC5: 0.7028 | AD5: =VLOOKUP(A5,AE:AE,1,FALSE) -> #REF!
A6: LL157 | B6: Fusobacterium necrophorum | D6: bowtie2 | E6: TRUE | F6: 57 | G6: 9.058268 | H6: 0.0011931368 | I6: TRUE | J6: 0 | K6: FALSE | L6: 73 | M6: 1.2807 | N6: 0.0014X | O6: 0.13% | P6: 43.05 | Q6: 39 | R6: 0.083333 | S6: 0.4144 | T6: 0.9036 | U6: 98.35% | V6: 0 | W6: #3 | X6: 6/10 | Y6: E-value > 0.001, Reads >= 50, ANI > 96.5%, 5' C>T Damage >= 0.01, Breadth Ratio >= 0.8, Read Mapping Ratio >= 0.5 | Z6: 0.4008 | AA6: 0.4144 | AB6: 0 | AC6: 0.1961 | AD6: =VLOOKUP(A6,AE:AE,1,FALSE) -> #REF!
A7: LL158 | B7: Bibersteinia trehalosi | D7: bowtie2 | E7: TRUE | F7: 168 | G7: 14.692433 | H7: 0.01173587 | I7: TRUE | J7: 0 | K7: FALSE | L7: 130 | M7: 0.7738 | N7: 0.0028X | O7: 0.24% | P7: 50 | Q7: 42 | R7: 0 | S7: 0.4699 | T7: 0.8718 | U7: 99.05% | V7: 0 | W7: #1 | X7: 7/10 | Y7: E-value > 0.001, Reads >= 50, ANI > 96.5%, Breadth Ratio >= 0.8, Edit Distance No-Damage Decay Quality >= 0.6, Genus Ranking = 1, Read Mapping Ratio >= 0.5 | Z7: 0.4545 | AA7: 0.4699 | AB7: 0 | AC7: 0.7607 | AD7: =VLOOKUP(A7,AE:AE,1,FALSE) -> #REF!
A8: LL159 | B8: Mannheimia haemolytica | D8: bowtie2 | E8: TRUE | F8: 78 | G8: 6.4560464 | H8: 0.0015509167 | I8: TRUE | J8: 0 | K8: FALSE | L8: 177 | M8: 2.2692 | N8: 0.0028X | O8: 0.24% | P8: 44.03 | Q8: 39 | R8: 0.029412 | S8: 0.555 | T8: 0.8652 | U8: 98.70% | V8: 0 | W8: #2 | X8: 7/10 | Y8: E-value > 0.001, Reads >= 50, ANI > 96.5%, 5' C>T Damage >= 0.01, Breadth Ratio >= 0.8, Edit Distance No-Damage Decay Quality >= 0.6, Read Mapping Ratio >= 0.5 | Z8: 0.4794 | AA8: 0.555 | AB8: 0 | AC8: 0.6384 | AD8: =VLOOKUP(A8,AE:AE,1,FALSE) -> #REF!
A9: LL159 | B9: Bibersteinia trehalosi | D9: bowtie2 | E9: TRUE | F9: 169 | G9: 11.418397 | H9: 0.0071427077 | I9: TRUE | J9: 0 | K9: FALSE | L9: 170 | M9: 1.0059 | N9: 0.0034X | O9: 0.29% | P9: 46.6 | Q9: 41 | R9: 0 | S9: 0.5493 | T9: 0.868 | U9: 98.78% | V9: 0.875 | W9: #1 | X9: 8/10 | Y9: E-value > 0.001, Reads >= 50, ANI > 96.5%, Breadth Ratio >= 0.8, Edit Distance Damage Decay Quality >= 0.5, Edit Distance No-Damage Decay Quality >= 0.6, Genus Ranking = 1, Read Mapping Ratio >= 0.5 | Z9: 0.4819 | AA9: 0.5493 | AB9: 0.875 | AC9: 0.7182 | AD9: =VLOOKUP(A9,AE:AE,1,FALSE) -> #REF!
A10: LL159 | B10: Fusobacterium nucleatum | D10: bowtie2 | E10: TRUE | F10: 416 | G10: 8.8935845 | H10: 0.0034231269 | I10: TRUE | J10: 0 | K10: FALSE | L10: 136 | M10: 0.3269 | N10: 0.003X | O10: 0.29% | P10: 47.33 | Q10: 42 | R10: 0.055556 | S10: 0.6221 | T10: 0.9847 | U10: 98.40% | V10: 0 | W10: #1 | X10: 6/10 | Y10: E-value > 0.001, Reads >= 50, ANI > 96.5%, 5' C>T Damage >= 0.01, Breadth Ratio >= 0.8, Genus Ranking = 1 | Z10: 0.4883 | AA10: 0.6221 | AB10: 0 | AC10: 0.2266 | AD10: =VLOOKUP(A10,AE:AE,1,FALSE) -> #REF!
A11: LL159 | B11: Fusobacterium necrophorum | D11: bowtie2 | E11: TRUE | F11: 110 | G11: 13.177532 | H11: 0.0048632355 | I11: TRUE | J11: 0 | K11: FALSE | L11: 86 | M11: 0.7818 | N11: 0.0018X | O11: 0.18% | P11: 45.77 | Q11: 41 | R11: 0 | S11: 0.5728 | T11: 0.9917 | U11: 99.19% | W11: #2 | X11: 5/9 | Y11: E-value > 0.001, Reads >= 50, ANI > 96.5%, Breadth Ratio >= 0.8, Read Mapping Ratio >= 0.5 | Z11: 0.4425 | AA11: 0.5728 | AC11: 0.8181 | AD11: =VLOOKUP(A11,AE:AE,1,FALSE) -> #REF!
A12: LL160 | B12: Capnocytophaga canimorsus | D12: bowtie2 | E12: TRUE | F12: 523 | G12: 3.3637136 | H12: 0.0013034019 | I12: TRUE | J12: 0 | K12: FALSE | L12: 87 | M12: 0.1663 | N12: 0.0015X | O12: 0.05% | P12: 40.49 | Q12: 39 | R12: 0 | S12: 0.2091 | T12: 0.3576 | U12: 98.75% | V12: 0 | W12: #1 | X12: 5/10 | Y12: E-value > 0.001, Reads >= 50, ANI > 96.5%, Edit Distance No-Damage Decay Quality >= 0.6, Genus Ranking = 1 | Z12: 0.2508 | AA12: 0.2091 | AB12: 0 | AC12: 0.7132 | AD12: =VLOOKUP(A12,AE:AE,1,FALSE) -> #REF!
A13: LL160 | B13: Mannheimia haemolytica | D13: bowtie2 | E13: TRUE | F13: 116 | G13: 7.4282076 | H13: 0.0030492931 | I13: TRUE | J13: 0 | K13: FALSE | L13: 123 | M13: 1.0603 | N13: 0.0023X | O13: 0.18% | P13: 52.29 | Q13: 45 | R13: 0.045455 | S13: 0.4357 | T13: 0.7666 | U13: 98.74% | V13: 0.87 | W13: #1 | X13: 7/10 | Y13: E-value > 0.001, Reads >= 50, ANI > 96.5%, 5' C>T Damage >= 0.01, Edit Distance Damage Decay Quality >= 0.5, Genus Ranking = 1, Read Mapping Ratio >= 0.5 | Z13: 0.4274 | AA13: 0.4357 | AB13: 0.87 | AC13: 0.2601 | AD13: =VLOOKUP(A13,AE:AE,1,FALSE) -> #REF!
A14: LL160 | B14: Streptococcus pyogenes | D14: bowtie2 | E14: TRUE | F14: 315 | G14: 8.7106785 | H14: 0.0039375048 | I14: TRUE | J14: 0 | K14: FALSE | L14: 10 | M14: 0.0317 | N14: 0.0002X | O14: 0.02% | P14: 36.5 | Q14: 36.5 | R14: 0 | S14: 0.3084 | T14: 1.0001 | U14: 98.36% | W14: #6 | X14: 4/9 | Y14: E-value > 0.001, Reads >= 50, ANI > 96.5%, Breadth Ratio >= 0.8 | Z14: 0.2357 | AA14: 0.3084 | AC14: 0.1028 | AD14: =VLOOKUP(A14,AE:AE,1,FALSE) -> #REF!
A15: LL160 | B15: Clostridioides difficile | D15: bowtie2 | E15: TRUE | F15: 182 | G15: 8.0268438 | H15: 0.001030022 | I15: TRUE | J15: 0 | K15: FALSE | L15: 30 | M15: 0.1648 | N15: 0.0003X | O15: 0.02% | P15: 40.17 | Q15: 41 | R15: 0 | S15: 0.2654 | T15: 0.6159 | U15: 99.00% | W15: #1 | X15: 4/9 | Y15: E-value > 0.001, Reads >= 50, ANI > 96.5%, Genus Ranking = 1 | Z15: 0.2597 | AA15: 0.2654 | AC15: 0.718 | AD15: =VLOOKUP(A15,AE:AE,1,FALSE) -> #REF!
A16: LL160 | B16: Fusobacterium nucleatum | D16: bowtie2 | E16: TRUE | F16: 11286 | G16: 7.7871102 | H16: 0.065751392 | I16: TRUE | J16: 0 | K16: FALSE | L16: 3484 | M16: 0.3087 | N16: 0.082X | O16: 6.1% | P16: 51.32 | Q16: 45 | R16: 0.026379 | S16: 0.8756 | T16: 0.7744 | U16: 98.36% | V16: 0.8697 | W16: #2 | X16: 6/10 | Y16: E-value > 0.001, Reads >= 50, ANI > 96.5%, 5' C>T Damage >= 0.01, Entropy (1000bp) >= 0.8 (bacteria), Edit Distance Damage Decay Quality >= 0.5 | Z16: 0.7644 | AA16: 0.8756 | AB16: 0.8697 | AC16: 0.2092 | AD16: =VLOOKUP(A16,AE:AE,1,FALSE) -> #REF!
A17: LL160 | B17: Fusobacterium necrophorum | D17: bowtie2 | E17: TRUE | F17: 23851 | G17: 29.963722 | H17: 1.9528035 | I17: TRUE | J17: 0 | K17: FALSE | L17: 20984 | M17: 0.8798 | N17: 0.5175X | O17: 38.23% | P17: 54.02 | Q17: 48 | R17: 0.026477 | S17: 0.9735 | T17: 0.9464 | U17: 99.57% | V17: 0.8851 | W17: #1 | X17: 10/10 | Y17: E-value > 0.001, Reads >= 50, ANI > 96.5%, 5' C>T Damage >= 0.01, Breadth Ratio >= 0.8, Entropy (1000bp) >= 0.8 (bacteria), Edit Distance Damage Decay Quality >= 0.5, Edit Distance No-Damage Decay Quality >= 0.6, Genus Ranking = 1, Read Mapping Ratio >= 0.5 | Z17: 0.9295 | AA17: 0.9735 | AB17: 0.8851 | AC17: 0.8661 | AD17: =VLOOKUP(A17,AE:AE,1,FALSE) -> #REF!
A18: LL161 | B18: Capnocytophaga canimorsus | D18: bowtie2 | E18: TRUE | F18: 92 | G18: 13.005347 | H18: 0.0034317283 | I18: TRUE | J18: 0 | K18: FALSE | L18: 15 | M18: 0.163 | N18: 0.0003X | O18: 0.02% | P18: 49.33 | Q18: 39 | R18: 0 | S18: 0.2409 | T18: 0.7366 | U18: 97.84% | V18: 0 | W18: #1 | X18: 4/10 | Y18: E-value > 0.001, Reads >= 50, ANI > 96.5%, Genus Ranking = 1 | Z18: 0.2409 | AA18: 0.2409 | AB18: 0 | AC18: 0.0866 | AD18: =VLOOKUP(A18,AE:AE,1,FALSE) -> #REF!
A19: LL161 | B19: Bibersteinia trehalosi | D19: bowtie2 | E19: TRUE | F19: 366 | G19: 13.347923 | H19: 0.02094609 | I19: TRUE | J19: 0 | K19: FALSE | L19: 258 | M19: 0.7049 | N19: 0.0063X | O19: 0.47% | P19: 57.06 | Q19: 45 | R19: 0 | S19: 0.5033 | T19: 0.7442 | U19: 98.91% | V19: 0.8812 | W19: #1 | X19: 7/10 | Y19: E-value > 0.001, Reads >= 50, ANI > 96.5%, Edit Distance Damage Decay Quality >= 0.5, Edit Distance No-Damage Decay Quality >= 0.6, Genus Ranking = 1, Read Mapping Ratio >= 0.5 | Z19: 0.5014 | AA19: 0.5033 | AB19: 0.8812 | AC19: 0.7058 | AD19: =VLOOKUP(A19,AE:AE,1,FALSE) -> #REF!
A20: LL161 | B20: Streptococcus pyogenes | D20: bowtie2 | E20: TRUE | F20: 188 | G20: 6.4635763 | H20: 0.0012973011 | I20: TRUE | J20: 0 | K20: FALSE | L20: 121 | M20: 0.6436 | N20: 0.0034X | O20: 0.21% | P20: 48.68 | Q20: 40 | R20: 0 | S20: 0.4749 | T20: 0.6283 | U20: 98.64% | V20: 0 | W20: #10 | X20: 4/10 | Y20: E-value > 0.001, Reads >= 50, ANI > 96.5%, Read Mapping Ratio >= 0.5 | Z20: 0.4215 | AA20: 0.4749 | AB20: 0 | AC20: 0.2751 | AD20: =VLOOKUP(A20,AE:AE,1,FALSE) -> #REF!
A21: LL161 | B21: Fusobacterium nucleatum | D21: bowtie2 | E21: TRUE | F21: 265 | G21: 11.23911 | H21: 0.0034846302 | I21: TRUE | J21: 0 | K21: FALSE | L21: 59 | M21: 0.2226 | N21: 0.0014X | O21: 0.14% | P21: 52.14 | Q21: 49 | R21: 0 | S21: 0.5017 | T21: 0.9812 | U21: 98.31% | V21: 0 | W21: #1 | X21: 5/10 | Y21: E-value > 0.001, Reads >= 50, ANI > 96.5%, Breadth Ratio >= 0.8, Genus Ranking = 1 | Z21: 0.4035 | AA21: 0.5017 | AB21: 0 | AC21: 0.179 | AD21: =VLOOKUP(A21,AE:AE,1,FALSE) -> #REF!
A22: LL161 | B22: Fusobacterium necrophorum | D22: bowtie2 | E22: TRUE | F22: 231 | G22: 15.765794 | H22: 0.014541673 | I22: TRUE | J22: 0 | K22: FALSE | L22: 181 | M22: 0.7835 | N22: 0.0042X | O22: 0.4% | P22: 50.36 | Q22: 44 | R22: 0 | S22: 0.6302 | T22: 0.9731 | U22: 99.25% | V22: 0 | W22: #2 | X22: 6/10 | Y22: E-value > 0.001, Reads >= 50, ANI > 96.5%, Breadth Ratio >= 0.8, Edit Distance No-Damage Decay Quality >= 0.6, Read Mapping Ratio >= 0.5 | Z22: 0.5122 | AA22: 0.6302 | AB22: 0 | AC22: 0.8484 | AD22: =VLOOKUP(A22,AE:AE,1,FALSE) -> #REF!
A23: LL163 | B23: Capnocytophaga canimorsus | D23: bowtie2 | E23: TRUE | F23: 221 | G23: 5.5500797 | H23: 0.0015010407 | I23: TRUE | J23: 0 | K23: FALSE | L23: 94 | M23: 0.4253 | N23: 0.0016X | O23: 0.06% | P23: 42.01 | Q23: 39 | R23: 0.0625 | S23: 0.224 | T23: 0.391 | U23: 98.81% | V23: 0 | W23: #1 | X23: 6/10 | Y23: E-value > 0.001, Reads >= 50, ANI > 96.5%, 5' C>T Damage >= 0.01, Edit Distance No-Damage Decay Quality >= 0.6, Genus Ranking = 1 | Z23: 0.2918 | AA23: 0.224 | AB23: 0 | AC23: 0.726 | AD23: =VLOOKUP(A23,AE:AE,1,FALSE) -> #REF!
A24: LL163 | B24: Mannheimia haemolytica | D24: bowtie2 | E24: TRUE | F24: 243 | G24: 7.5496047 | H24: 0.0065689296 | I24: TRUE | J24: 0 | K24: FALSE | L24: 579 | M24: 2.3827 | N24: 0.0092X | O24: 0.69% | P24: 43.63 | Q24: 39 | R24: 0.009615 | S24: 0.6446 | T24: 0.7591 | U24: 98.60% | V24: 0 | W24: #1 | X24: 5/10 | Y24: E-value > 0.001, Reads >= 50, ANI > 96.5%, Genus Ranking = 1, Read Mapping Ratio >= 0.5 | Z24: 0.5738 | AA24: 0.6446 | AB24: 0 | AC24: 0.2609 | AD24: =VLOOKUP(A24,AE:AE,1,FALSE) -> #REF!
A25: LL163 | B25: Bibersteinia trehalosi | D25: bowtie2 | E25: TRUE | F25: 1912 | G25: 13.842706 | H25: 0.11046525 | I25: TRUE | J25: 0 | K25: FALSE | L25: 1769 | M25: 0.9252 | N25: 0.0352X | O25: 3.02% | P25: 46.54 | Q25: 42 | R25: 0.00838 | S25: 0.828 | T25: 0.8746 | U25: 99.16% | V25: 0.8889 | W25: #1 | X25: 9/10 | Y25: E-value > 0.001, Reads >= 50, ANI > 96.5%, Breadth Ratio >= 0.8, Entropy (1000bp) >= 0.8 (bacteria), Edit Distance Damage Decay Quality >= 0.5, Edit Distance No-Damage Decay Quality >= 0.6, Genus Ranking = 1, Read Mapping Ratio >= 0.5 | Z25: 0.7089 | AA25: 0.828 | AB25: 0.8889 | AC25: 0.8425 | AD25: =VLOOKUP(A25,AE:AE,1,FALSE) -> #REF!
A26: LL163 | B26: Streptococcus pyogenes | D26: bowtie2 | E26: TRUE | F26: 334 | G26: 4.8354323 | H26: 0.0012889512 | I26: TRUE | J26: 0 | K26: FALSE | L26: 354 | M26: 1.0599 | N26: 0.0082X | O26: 0.43% | P26: 40.58 | Q26: 38 | R26: 0.014706 | S26: 0.5335 | T26: 0.53 | U26: 98.54% | V26: 0 | W26: #10 | X26: 5/10 | Y26: E-value > 0.001, Reads >= 50, ANI > 96.5%, 5' C>T Damage >= 0.01, Read Mapping Ratio >= 0.5 | Z26: 0.483 | AA26: 0.5335 | AB26: 0 | AC26: 0.264 | AD26: =VLOOKUP(A26,AE:AE,1,FALSE) -> #REF!
A27: LL163 | B27: Streptococcus agalactiae | D27: bowtie2 | E27: TRUE | F27: 184 | G27: 4.8671653 | H27: 0.001791887 | I27: TRUE | J27: 0 | K27: FALSE | L27: 369 | M27: 2.0054 | N27: 0.0077X | O27: 0.45% | P27: 43.14 | Q27: 39 | R27: 0.036145 | S27: 0.54 | T27: 0.5923 | U27: 98.42% | V27: 0.8885 | W27: #15 | X27: 6/10 | Y27: E-value > 0.001, Reads >= 50, ANI > 96.5%, 5' C>T Damage >= 0.01, Edit Distance Damage Decay Quality >= 0.5, Read Mapping Ratio >= 0.5 | Z27: 0.4892 | AA27: 0.54 | AB27: 0.8885 | AC27: 0.2379 | AD27: =VLOOKUP(A27,AE:AE,1,FALSE) -> #REF!
... A30: LL163 | B30: Fusobacterium necrophorum | D30: bowtie2 | E30: TRUE | F30: 13248 | G30: 25.326919 | H30: 1.1916994 | I30: TRUE | J30: 0 | K30: FALSE | L30: 12846 | M30: 0.9697 | N30: 0.3129X | O30: 25.19% | P30: 53.34 | Q30: 46 | R30: 0.015476 | S30: 0.9614 | T30: 0.9379 | U30: 99.52% | V30: 0.8837 | W30: #1 | X30: 10/10 | Y30: E-value > 0.001, Reads >= 50, ANI > 96.5%, 5' C>T Damage >= 0.01, Breadth Ratio >= 0.8, Entropy (1000bp) >= 0.8 (bacteria), Edit Distance Damage Decay Quality >= 0.5, Edit Distance No-Damage Decay Quality >= 0.6, Genus Ranking = 1, Read Mapping Ratio >= 0.5 | Z30: 0.8953 | AA30: 0.9614 | AB30: 0.8837 | AC30: 0.8445 | AD30: =VLOOKUP(A30,AE:AE,1,FALSE) -> #REF!
A31: YG01 | B31: Sheeppox virus | D31: bowtie2 | E31: TRUE | F31: 1 | G31: 30.06598 | H31: 0.013956 | I31: TRUE | J31: 0 | K31: FALSE | L31: 3 | M31: 3 | N31: 0.0012X | O31: 0.12% | P31: 58 | Q31: 58 | R31: 0 | S31: 0.2193 | T31: 1.0006 | U31: 99.43% | W31: #1 | X31: 6/9 | Y31: E-value > 0.001, Reads >= 1, ANI > 96.5%, Breadth Ratio >= 0.8, Genus Ranking = 1, Read Mapping Ratio >= 0.5 | Z31: 0.1502 | AA31: 0.2193 | AC31: 0.8193 | AD31: =VLOOKUP(A31,AE:AE,1,FALSE) -> #REF!
A32: YG01 | B32: Molluscum contagiosum virus | D32: bowtie2 | E32: TRUE | F32: 7 | G32: 21.762711 | H32: 0.010242629 | I32: TRUE | J32: 0 | K32: FALSE | L32: 3 | M32: 0.4286 | N32: 0.0007X | O32: 0.07% | P32: 47.33 | Q32: 52 | R32: 0 | S32: 0.2092 | T32: 1.0004 | U32: 100.00% | X32: 4/9 | Y32: E-value > 0.001, Reads >= 5, ANI > 96.5%, Breadth Ratio >= 0.8 | Z32: 0.1455 | AA32: 0.2092 | AC32: 0 | AD32: =VLOOKUP(A32,AE:AE,1,FALSE) -> #REF!
A33: YG01 | B33: Escherichia coli | D33: bowtie2 | E33: TRUE | F33: 633 | G33: 16.735057 | H33: 0.0027725008 | I33: TRUE | J33: 0 | K33: FALSE | L33: 3795 | M33: 5.9953 | N33: 0.0448X | O33: 4.34% | P33: 66.1 | Q33: 57 | R33: 0.014847 | S33: 0.8955 | T33: 0.9895 | U33: 99.01% | V33: 0.8657 | W33: #1 | X33: 9/10 | Y33: E-value > 0.001, Reads >= 100, ANI > 96.5%, 5' C>T Damage >= 0.01, Breadth Ratio >= 0.8, Entropy (1000bp) >= 0.8 (bacteria), Edit Distance Damage Decay Quality >= 0.5, Genus Ranking = 1, Read Mapping Ratio >= 0.5 | Z33: 0.7493 | AA33: 0.8955 | AB33: 0.8657 | AC33: 0.4222 | AD33: =VLOOKUP(A33,AE:AE,1,FALSE) -> #REF!
A34: YG01 | B34: Staphylococcus aureus | D34: bowtie2 | E34: TRUE | F34: 2187 | G34: 10.269371 | H34: 0.015447181 | I34: TRUE | J34: 0 | K34: FALSE | L34: 546 | M34: 0.2497 | N34: 0.0136X | O34: 1.15% | P34: 70.09 | Q34: 57 | R34: 0.018519 | S34: 0.7109 | T34: 0.8557 | U34: 98.75% | V34: 0.6501 | W34: #9 | X34: 6/10 | Y34: E-value > 0.001, Reads >= 200, ANI > 96.5%, 5' C>T Damage >= 0.01, Breadth Ratio >= 0.8, Edit Distance Damage Decay Quality >= 0.5 | Z34: 0.5833 | AA34: 0.7109 | AB34: 0.6501 | AC34: 0.2339 | AD34: =VLOOKUP(A34,AE:AE,1,FALSE) -> #REF!
A35: YG01 | B35: Streptococcus pneumoniae | D35: bowtie2 | E35: TRUE | F35: 729 | G35: 18.802791 | H35: 0.034482579 | I35: TRUE | J35: 0 | K35: FALSE | L35: 1074 | M35: 1.4733 | N35: 0.0339X | O35: 3.23% | P35: 66.63 | Q35: 54.5 | R35: 0.004878 | S35: 0.845 | T35: 0.9682 | U35: 98.65% | V35: 0.8147 | W35: #4 | X35: 7/10 | Y35: E-value > 0.001, Reads >= 50, ANI > 96.5%, Breadth Ratio >= 0.8, Entropy (1000bp) >= 0.8 (bacteria), Edit Distance Damage Decay Quality >= 0.5, Read Mapping Ratio >= 0.5 | Z35: 0.6912 | AA35: 0.845 | AB35: 0.8147 | AC35: 0.2423 | AD35: =VLOOKUP(A35,AE:AE,1,FALSE) -> #REF!
A36: YG01 | B36: Listeria monocytogenes | D36: bowtie2 | E36: TRUE | F36: 98 | G36: 17.031295 | H36: 0.0023045633 | I36: TRUE | J36: 0 | K36: FALSE | L36: 8 | M36: 0.0816 | N36: 0.0001X | O36: 0.01% | P36: 38.62 | Q36: 37.5 | R36: 0 | S36: 0.2386 | T36: 0.9191 | U36: 97.73% | V36: 0 | W36: #1 | X36: 5/10 | Y36: E-value > 0.001, Reads >= 50, ANI > 96.5%, Breadth Ratio >= 0.8, Genus Ranking = 1 | Z36: 0.1852 | AA36: 0.2386 | AB36: 0 | AC36: 0 | AD36: =VLOOKUP(A36,AE:AE,1,FALSE) -> #REF!
A37: YG01 | B37: Erysipelothrix rhusiopathiae | C37: Cow | D37: bowtie2 | E37: TRUE | F37: 32896 | G37: 91.600128 | H37: 6.7711199 | I37: TRUE | J37: 0 | K37: FALSE | L37: 32927 | M37: 1.0009 | N37: 1.3156X | O37: 69.72% | P37: 70.74 | Q37: 62 | R37: 0.010357 | S37: 0.9872 | T37: 0.9529 | U37: 99.48% | V37: 0.8647 | W37: #1 | X37: 10/10 | Y37: E-value > 0.001, Reads >= 50, ANI > 96.5%, 5' C>T Damage >= 0.01, Breadth Ratio >= 0.8, Entropy (1000bp) >= 0.8 (bacteria), Edit Distance Damage Decay Quality >= 0.5, Edit Distance No-Damage Decay Quality >= 0.6, Genus Ranking = 1, Read Mapping Ratio >= 0.5 | Z37: 0.9625 | AA37: 0.9872 | AB37: 0.8647 | AC37: 0.8287 | AD37: =VLOOKUP(A37,AE:AE,1,FALSE) -> #REF!
A38: YG01 | B38: Streptococcus pyogenes | D38: bowtie2 | E38: TRUE | F38: 107 | G38: 27.239401 | H38: 0.013077847 | I38: TRUE | J38: 0 | K38: FALSE | L38: 110 | M38: 1.028 | N38: 0.0039X | O38: 0.38% | P38: 61.77 | Q38: 53 | R38: 0 | S38: 0.6053 | T38: 0.9841 | U38: 98.94% | V38: 0.3 | W38: #19 | X38: 6/10 | Y38: E-value > 0.001, Reads >= 50, ANI > 96.5%, Breadth Ratio >= 0.8, Edit Distance No-Damage Decay Quality >= 0.6, Read Mapping Ratio >= 0.5 | Z38: 0.4769 | AA38: 0.6053 | AB38: 0.3 | AC38: 0.7028 | AD38: =VLOOKUP(A38,AE:AE,1,FALSE) -> #REF!
A39: YG01 | B39: Streptococcus equinus | D39: bowtie2 | E39: TRUE | F39: 265 | G39: 24.183574 | H39: 0.072705094 | I39: TRUE | J39: 0 | K39: FALSE | L39: 368 | M39: 1.3887 | N39: 0.0136X | O39: 1.34% | P39: 71.84 | Q39: 58.5 | R39: 0.0125 | S39: 0.7497 | T39: 0.9883 | U39: 98.77% | V39: 0.55 | W39: #10 | X39: 8/10 | Y39: E-value > 0.001, Reads >= 50, ANI > 96.5%, 5' C>T Damage >= 0.01, Breadth Ratio >= 0.8, Edit Distance Damage Decay Quality >= 0.5, Edit Distance No-Damage Decay Quality >= 0.6, Read Mapping Ratio >= 0.5 | Z39: 0.5959 | AA39: 0.7497 | AB39: 0.55 | AC39: 0.6094 | AD39: =VLOOKUP(A39,AE:AE,1,FALSE) -> #REF!
A40: YG01 | B40: Streptococcus gallolyticus | D40: bowtie2 | E40: TRUE | F40: 57 | G40: 17.902538 | H40: 0.0090709158 | I40: TRUE | J40: 0 | K40: FALSE | L40: 218 | M40: 3.8246 | N40: 0.0066X | O40: 0.64% | P40: 68.27 | Q40: 57 | R40: 0 | S40: 0.668 | T40: 0.9814 | U40: 98.84% | V40: 0.8193 | W40: #25 | X40: 6/10 | Y40: E-value > 0.001, Reads >= 50, ANI > 96.5%, Breadth Ratio >= 0.8, Edit Distance Damage Decay Quality >= 0.5, Read Mapping Ratio >= 0.5 | Z40: 0.5324 | AA40: 0.668 | AB40: 0.8193 | AC40: 0.5907 | AD40: =VLOOKUP(A40,AE:AE,1,FALSE) -> #REF!
A41: YG01 | B41: Clostridium perfringens | D41: bowtie2 | E41: TRUE | F41: 387 | G41: 38.366682 | H41: 0.038159316 | I41: TRUE | J41: 0 | K41: FALSE | L41: 237 | M41: 0.6124 | N41: 0.0057X | O41: 0.56% | P41: 80.31 | Q41: 68 | R41: 0 | S41: 0.6662 | T41: 0.9939 | U41: 99.02% | V41: 0.55 | W41: #2 | X41: 7/10 | Y41: E-value > 0.001, Reads >= 50, ANI > 96.5%, Breadth Ratio >= 0.8, Edit Distance Damage Decay Quality >= 0.5, Edit Distance No-Damage Decay Quality >= 0.6, Read Mapping Ratio >= 0.5 | Z41: 0.5255 | AA41: 0.6662 | AB41: 0.55 | AC41: 0.7884 | AD41: =VLOOKUP(A41,AE:AE,1,FALSE) -> #REF!
A42: YG01 | B42: Fusobacterium nucleatum | D42: bowtie2 | E42: TRUE | F42: 316 | G42: 23.305685 | H42: 0.017790006 | I42: TRUE | J42: 0 | K42: FALSE | L42: 101 | M42: 0.3196 | N42: 0.0033X | O42: 0.32% | P42: 71.38 | Q42: 60 | R42: 0.125 | S42: 0.5872 | T42: 0.9679 | U42: 98.54% | V42: 0.3673 | W42: #1 | X42: 7/10 | Y42: E-value > 0.001, Reads >= 50, ANI > 96.5%, 5' C>T Damage >= 0.01, Breadth Ratio >= 0.8, Edit Distance No-Damage Decay Quality >= 0.6, Genus Ranking = 1 | Z42: 0.4546 | AA42: 0.5872 | AB42: 0.3673 | AC42: 0.6806 | AD42: =VLOOKUP(A42,AE:AE,1,FALSE) -> #REF!
A43: YG13 | B43: Molluscum contagiosum virus | D43: bowtie2 | E43: TRUE | F43: 6 | G43: 28.73901 | H43: 0.0152994 | I43: TRUE | J43: 0 | K43: FALSE | L43: 7 | M43: 1.1667 | N43: 0.0018X | O43: 0.18% | P43: 48.86 | Q43: 50 | R43: 0 | S43: 0.3328 | T43: 1.0009 | U43: 99.71% | X43: 5/9 | Y43: E-value > 0.001, Reads >= 5, ANI > 96.5%, Breadth Ratio >= 0.8, Read Mapping Ratio >= 0.5 | Z43: 0.2577 | AA43: 0.3328 | AC43: 0.8786 | AD43: =VLOOKUP(A43,AE:AE,1,FALSE) -> #REF!
A44: YG13 | B44: Staphylococcus aureus | D44: bowtie2 | E44: TRUE | F44: 661 | G44: 22.768699 | H44: 0.02304482 | I44: TRUE | J44: 0 | K44: FALSE | L44: 464 | M44: 0.702 | N44: 0.0107X | O44: 1.03% | P44: 65.25 | Q44: 54.5 | R44: 0 | S44: 0.7334 | T44: 0.9627 | U44: 98.96% | V44: 0 | W44: #7 | X44: 6/10 | Y44: E-value > 0.001, Reads >= 200, ANI > 96.5%, Breadth Ratio >= 0.8, Edit Distance No-Damage Decay Quality >= 0.6, Read Mapping Ratio >= 0.5 | Z44: 0.5904 | AA44: 0.7334 | AB44: 0 | AC44: 0.7219 | AD44: =VLOOKUP(A44,AE:AE,1,FALSE) -> #REF!
A45: YG13 | B45: Streptococcus pneumoniae | D45: bowtie2 | E45: TRUE | F45: 957 | G45: 16.724358 | H45: 0.035708831 | I45: TRUE | J45: 0 | K45: FALSE | L45: 1433 | M45: 1.4974 | N45: 0.0416X | O45: 3.89% | P45: 61.3 | Q45: 50 | R45: 0.010676 | S45: 0.8605 | T45: 0.9554 | U45: 98.64% | V45: 0.8121 | W45: #3 | X45: 8/10 | Y45: E-value > 0.001, Reads >= 50, ANI > 96.5%, 5' C>T Damage >= 0.01, Breadth Ratio >= 0.8, Entropy (1000bp) >= 0.8 (bacteria), Edit Distance Damage Decay Quality >= 0.5, Read Mapping Ratio >= 0.5 | Z45: 0.7159 | AA45: 0.8605 | AB45: 0.8121 | AC45: 0.2669 | AD45: =VLOOKUP(A45,AE:AE,1,FALSE) -> #REF!
A46: YG13 | B46: Listeria monocytogenes | D46: bowtie2 | E46: TRUE | F46: 57 | G46: 22.344231 | H46: 0.0023070333 | I46: TRUE | J46: 0 | K46: FALSE | L46: 4 | M46: 0.0702 | N46: 0.0001X | O46: 0.01% | P46: 37.5 | Q46: 38 | R46: 0 | S46: 0.1736 | T46: 1 | U46: 97.33% | W46: #1 | X46: 5/9 | Y46: E-value > 0.001, Reads >= 50, ANI > 96.5%, Breadth Ratio >= 0.8, Genus Ranking = 1 | Z46: 0.1347 | AA46: 0.1736 | AC46: 0.3 | AD46: =VLOOKUP(A46,AE:AE,1,FALSE) -> #REF!
A47: YG13 | B47: Erysipelothrix rhusiopathiae | C47: Cow | D47: bowtie2 | E47: TRUE | F47: 48684 | G47: 76.223868 | H47: 5.4343335 | I47: TRUE | J47: 0 | K47: FALSE | L47: 50232 | M47: 1.0318 | N47: 1.7342X | O47: 77.3% | P47: 61.12 | Q47: 54 | R47: 0.014967 | S47: 0.9879 | T47: 0.9387 | U47: 99.50% | V47: 0.881 | W47: #1 | X47: 10/10 | Y47: E-value > 0.001, Reads >= 50, ANI > 96.5%, 5' C>T Damage >= 0.01, Breadth Ratio >= 0.8, Entropy (1000bp) >= 0.8 (bacteria), Edit Distance Damage Decay Quality >= 0.5, Edit Distance No-Damage Decay Quality >= 0.6, Genus Ranking = 1, Read Mapping Ratio >= 0.5 | Z47: 0.9727 | AA47: 0.9879 | AB47: 0.881 | AC47: 0.8467 | AD47: =VLOOKUP(A47,AE:AE,1,FALSE) -> #REF!
A48: YG13 | B48: Streptococcus pyogenes | D48: bowtie2 | E48: TRUE | F48: 131 | G48: 24.971987 | H48: 0.013448044 | I48: TRUE | J48: 0 | K48: FALSE | L48: 158 | M48: 1.2061 | N48: 0.0055X | O48: 0.53% | P48: 60.29 | Q48: 54.5 | R48: 0.029412 | S48: 0.6547 | T48: 0.9654 | U48: 99.19% | V48: 0 | W48: #18 | X48: 7/10 | Y48: E-value > 0.001, Reads >= 50, ANI > 96.5%, 5' C>T Damage >= 0.01, Breadth Ratio >= 0.8, Edit Distance No-Damage Decay Quality >= 0.6, Read Mapping Ratio >= 0.5 | Z48: 0.512 | AA48: 0.6547 | AB48: 0 | AC48: 0.7878 | AD48: =VLOOKUP(A48,AE:AE,1,FALSE) -> #REF!
A49: YG13 | B49: Streptococcus equinus | D49: bowtie2 | E49: TRUE | F49: 228 | G49: 22.392197 | H49: 0.053945346 | I49: TRUE | J49: 0 | K49: FALSE | L49: 264 | M49: 1.1579 | N49: 0.0088X | O49: 0.87% | P49: 64.86 | Q49: 54 | R49: 0.032258 | S49: 0.7149 | T49: 0.9908 | U49: 98.68% | V49: 0.397 | W49: #13 | X49: 7/10 | Y49: E-value > 0.001, Reads >= 50, ANI > 96.5%, 5' C>T Damage >= 0.01, Breadth Ratio >= 0.8, Edit Distance No-Damage Decay Quality >= 0.6, Read Mapping Ratio >= 0.5 | Z49: 0.5629 | AA49: 0.7149 | AB49: 0.397 | AC49: 0.6956 | AD49: =VLOOKUP(A49,AE:AE,1,FALSE) -> #REF!
A50: YG13 | B50: Clostridium perfringens | D50: bowtie2 | E50: TRUE | F50: 238 | G50: 28.506943 | H50: 0.013022294 | I50: TRUE | J50: 0 | K50: FALSE | L50: 139 | M50: 0.584 | N50: 0.0029X | O50: 0.29% | P50: 69.41 | Q50: 58 | R50: 0 | S50: 0.6066 | T50: 1.0014 | U50: 98.97% | V50: 0.3 | W50: #1 | X50: 7/10 | Y50: E-value > 0.001, Reads >= 50, ANI > 96.5%, Breadth Ratio >= 0.8, Edit Distance No-Damage Decay Quality >= 0.6, Genus Ranking = 1, Read Mapping Ratio >= 0.5 | Z50: 0.4743 | AA50: 0.6066 | AB50: 0.3 | AC50: 0.7475 | AD50: =VLOOKUP(A50,AE:AE,1,FALSE) -> #REF!
A51: YG13 | B51: Clostridium tetani | D51: bowtie2 | E51: TRUE | F51: 51 | G51: 11.458862 | H51: 0.0016684078 | I51: TRUE | J51: 0 | K51: FALSE | L51: 9 | M51: 0.1765 | N51: 0.0001X | O51: 0.01% | P51: 43.11 | Q51: 44 | R51: 0 | S51: 0.1531 | T51: 0.743 | U51: 98.71% | W51: #3 | X51: 3/9 | Y51: E-value > 0.001, Reads >= 50, ANI > 96.5% | Z51: 0.1695 | AA51: 0.1531 | AC51: 0.1444 | AD51: =VLOOKUP(A51,AE:AE,1,FALSE) -> #REF!
A52: YG13 | B52: Fusobacterium nucleatum | D52: bowtie2 | E52: TRUE | F52: 389 | G52: 19.004626 | H52: 0.014561578 | I52: TRUE | J52: 0 | K52: FALSE | L52: 135 | M52: 0.347 | N52: 0.0039X | O52: 0.39% | P52: 62.83 | Q52: 52 | R52: 0 | S52: 0.6301 | T52: 1.0019 | U52: 98.63% | V52: 0.7682 | W52: #1 | X52: 7/10 | Y52: E-value > 0.001, Reads >= 50, ANI > 96.5%, Breadth Ratio >= 0.8, Edit Distance Damage Decay Quality >= 0.5, Edit Distance No-Damage Decay Quality >= 0.6, Genus Ranking = 1 | Z52: 0.491 | AA52: 0.6301 | AB52: 0.7682 | AC52: 0.6993 | AD52: =VLOOKUP(A52,AE:AE,1,FALSE) -> #REF!
A53: YG14 | B53: Sheeppox virus | D53: bowtie2 | E53: TRUE | F53: 1 | G53: 15.016486 | H53: 0.003489 | I53: TRUE | J53: 0 | K53: FALSE | L53: 3 | M53: 3 | N53: 0.0022X | O53: 0.22% | P53: 108.33 | Q53: 123 | R53: 0 | S53: 0.2193 | T53: 1.0011 | U53: 100.00% | W53: #1 | X53: 6/9 | Y53: E-value > 0.001, Reads >= 1, ANI > 96.5%, Breadth Ratio >= 0.8, Genus Ranking = 1, Read Mapping Ratio >= 0.5 | Z53: 0.1502 | AA53: 0.2193 | AC53: 0 | AD53: =VLOOKUP(A53,AE:AE,1,FALSE) -> #REF!
A54: YG14 | B54: Staphylococcus aureus | D54: bowtie2 | E54: TRUE | F54: 650 | G54: 26.416627 | H54: 0.030475877 | I54: TRUE | J54: 0 | K54: FALSE | L54: 441 | M54: 0.6785 | N54: 0.0105X | O54: 1.02% | P54: 66.84 | Q54: 55 | R54: 0.035088 | S54: 0.7428 | T54: 0.9825 | U54: 98.96% | V54: 0.875 | W54: #10 | X54: 8/10 | Y54: E-value > 0.001, Reads >= 200, ANI > 96.5%, 5' C>T Damage >= 0.01, Breadth Ratio >= 0.8, Edit Distance Damage Decay Quality >= 0.5, Edit Distance No-Damage Decay Quality >= 0.6, Read Mapping Ratio >= 0.5 | Z54: 0.5885 | AA54: 0.7428 | AB54: 0.875 | AC54: 0.7093 | AD54: =VLOOKUP(A54,AE:AE,1,FALSE) -> #REF!
A55: YG14 | B55: Streptococcus pneumoniae | D55: bowtie2 | E55: TRUE | F55: 642 | G55: 17.675875 | H55: 0.026919072 | I55: TRUE | J55: 0 | K55: FALSE | L55: 1084 | M55: 1.6885 | N55: 0.0322X | O55: 3.07% | P55: 62.63 | Q55: 52 | R55: 0.008696 | S55: 0.8492 | T55: 0.9691 | U55: 98.60% | V55: 0.8575 | W55: #3 | X55: 7/10 | Y55: E-value > 0.001, Reads >= 50, ANI > 96.5%, Breadth Ratio >= 0.8, Entropy (1000bp) >= 0.8 (bacteria), Edit Distance Damage Decay Quality >= 0.5, Read Mapping Ratio >= 0.5 | Z55: 0.6932 | AA55: 0.8492 | AB55: 0.8575 | AC55: 0.2663 | AD55: =VLOOKUP(A55,AE:AE,1,FALSE) -> #REF!
A56: YG14 | B56: Erysipelothrix rhusiopathiae | C56: Cow | D56: bowtie2 | E56: TRUE | F56: 232 | G56: 23.642794 | H56: 0.047351405 | I56: TRUE | J56: 0 | K56: FALSE | L56: 223 | M56: 0.9612 | N56: 0.0077X | O56: 0.77% | P56: 61.25 | Q56: 53 | R56: 0.021739 | S56: 0.709 | T56: 1.0021 | U56: 99.40% | V56: 0 | W56: #1 | X56: 8/10 | Y56: E-value > 0.001, Reads >= 50, ANI > 96.5%, 5' C>T Damage >= 0.01, Breadth Ratio >= 0.8, Edit Distance No-Damage Decay Quality >= 0.6, Genus Ranking = 1, Read Mapping Ratio >= 0.5 | Z56: 0.5528 | AA56: 0.709 | AB56: 0 | AC56: 0.8568 | AD56: =VLOOKUP(A56,AE:AE,1,FALSE) -> #REF!
A57: YG14 | B57: Streptococcus pyogenes | D57: bowtie2 | E57: TRUE | F57: 78 | G57: 23.057981 | H57: 0.0068432205 | I57: TRUE | J57: 0 | K57: FALSE | L57: 122 | M57: 1.5641 | N57: 0.0044X | O57: 0.42% | P57: 62.68 | Q57: 50.5 | R57: 0 | S57: 0.6246 | T57: 0.9718 | U57: 99.07% | V57: 0 | W57: #18 | X57: 6/10 | Y57: E-value > 0.001, Reads >= 50, ANI > 96.5%, Breadth Ratio >= 0.8, Edit Distance No-Damage Decay Quality >= 0.6, Read Mapping Ratio >= 0.5 | Z57: 0.4863 | AA57: 0.6246 | AB57: 0 | AC57: 0.7546 | AD57: =VLOOKUP(A57,AE:AE,1,FALSE) -> #REF!
A58: YG14 | B58: Streptococcus equinus | D58: bowtie2 | E58: TRUE | F58: 123 | G58: 19.09331 | H58: 0.021422829 | I58: TRUE | J58: 0 | K58: FALSE | L58: 199 | M58: 1.6179 | N58: 0.007X | O58: 0.69% | P58: 68.49 | Q58: 52 | R58: 0.023256 | S58: 0.6773 | T58: 0.9908 | U58: 98.60% | V58: 0.1137 | W58: #14 | X58: 6/10 | Y58: E-value > 0.001, Reads >= 50, ANI > 96.5%, 5' C>T Damage >= 0.01, Breadth Ratio >= 0.8, Read Mapping Ratio >= 0.5 | Z58: 0.5338 | AA58: 0.6773 | AB58: 0.1137 | AC58: 0.2867 | AD58: =VLOOKUP(A58,AE:AE,1,FALSE) -> #REF!
A59: YG14 | B59: Clostridium perfringens | D59: bowtie2 | E59: TRUE | F59: 137 | G59: 34.533803 | H59: 0.011013472 | I59: TRUE | J59: 0 | K59: FALSE | L59: 89 | M59: 0.6496 | N59: 0.0021X | O59: 0.21% | P59: 78.92 | Q59: 70 | R59: 0 | S59: 0.5482 | T59: 0.9971 | U59: 99.06% | V59: 0.3 | W59: #2 | X59: 6/10 | Y59: E-value > 0.001, Reads >= 50, ANI > 96.5%, Breadth Ratio >= 0.8, Edit Distance No-Damage Decay Quality >= 0.6, Read Mapping Ratio >= 0.5 | Z59: 0.4314 | AA59: 0.5482 | AB59: 0.3 | AC59: 0.72 | AD59: =VLOOKUP(A59,AE:AE,1,FALSE) -> #REF!
A60: YG14 | B60: Fusobacterium nucleatum | D60: bowtie2 | E60: TRUE | F60: 266 | G60: 19.512148 | H60: 0.01051943 | I60: TRUE | J60: 0 | K60: FALSE | L60: 77 | M60: 0.2895 | N60: 0.0023X | O60: 0.23% | P60: 64.71 | Q60: 56 | R60: 0 | S60: 0.5627 | T60: 1.0011 | U60: 98.56% | V60: 0.675 | W60: #1 | X60: 6/10 | Y60: E-value > 0.001, Reads >= 50, ANI > 96.5%, Breadth Ratio >= 0.8, Edit Distance Damage Decay Quality >= 0.5, Genus Ranking = 1 | Z60: 0.4348 | AA60: 0.5627 | AB60: 0.675 | AC60: 0.1468 | AD60: =VLOOKUP(A60,AE:AE,1,FALSE) -> #REF!
A61: YG15 | B61: Sheeppox virus | D61: bowtie2 | E61: TRUE | F61: 3 | G61: 22.106543 | H61: 0.022506 | I61: TRUE | J61: 0 | K61: FALSE | L61: 4 | M61: 1.3333 | N61: 0.0029X | O61: 0.29% | P61: 109.5 | Q61: 70.5 | R61: 0 | S61: 0.2767 | T61: 1.0015 | U61: 99.32% | W61: #1 | X61: 6/9 | Y61: E-value > 0.001, Reads >= 1, ANI > 96.5%, Breadth Ratio >= 0.8, Genus Ranking = 1, Read Mapping Ratio >= 0.5 | Z61: 0.1896 | AA61: 0.2767 | AC61: 0 | AD61: =VLOOKUP(A61,AE:AE,1,FALSE) -> #REF!
A62: YG15 | B62: Staphylococcus aureus | D62: bowtie2 | E62: TRUE | F62: 481 | G62: 27.978635 | H62: 0.025356923 | I62: TRUE | J62: 0 | K62: FALSE | L62: 276 | M62: 0.5738 | N62: 0.0071X | O62: 0.71% | P62: 72.82 | Q62: 64 | R62: 0 | S62: 0.6932 | T62: 0.9954 | U62: 98.89% | V62: 0.7289 | W62: #10 | X62: 7/10 | Y62: E-value > 0.001, Reads >= 200, ANI > 96.5%, Breadth Ratio >= 0.8, Edit Distance Damage Decay Quality >= 0.5, Edit Distance No-Damage Decay Quality >= 0.6, Read Mapping Ratio >= 0.5 | Z62: 0.547 | AA62: 0.6932 | AB62: 0.7289 | AC62: 0.7125 | AD62: =VLOOKUP(A62,AE:AE,1,FALSE) -> #REF!
A63: YG15 | B63: Streptococcus pneumoniae | D63: bowtie2 | E63: TRUE | F63: 553 | G63: 19.706228 | H63: 0.028826051 | I63: TRUE | J63: 0 | K63: FALSE | L63: 770 | M63: 1.3924 | N63: 0.0244X | O63: 2.38% | P63: 66.82 | Q63: 55 | R63: 0.005814 | S63: 0.8174 | T63: 0.9904 | U63: 98.78% | V63: 0.4738 | W63: #2 | X63: 7/10 | Y63: E-value > 0.001, Reads >= 50, ANI > 96.5%, Breadth Ratio >= 0.8, Entropy (1000bp) >= 0.8 (bacteria), Edit Distance No-Damage Decay Quality >= 0.6, Read Mapping Ratio >= 0.5 | Z63: 0.6621 | AA63: 0.8174 | AB63: 0.4738 | AC63: 0.6253 | AD63: =VLOOKUP(A63,AE:AE,1,FALSE) -> #REF!
A64: YG15 | B64: Aspergillus fumigatus | D64: bowtie2 | E64: TRUE | F64: 159 | G64: 8.779089 | H64: 0.0011651321 | I64: TRUE | J64: 0 | K64: FALSE | L64: 478 | M64: 3.0063 | N64: 0.0012X | O64: 0.02% | P64: 76.67 | Q64: 66 | R64: 0.035461 | S64: 0.2923 | T64: 0.1873 | U64: 98.98% | V64: 0.7585 | W64: #6 | X64: 7/10 | Y64: E-value > 0.001, Reads >= 50, ANI > 96.5%, 5' C>T Damage >= 0.01, Edit Distance Damage Decay Quality >= 0.5, Edit Distance No-Damage Decay Quality >= 0.6, Read Mapping Ratio >= 0.5 | Z64: 0.23 | AA64: 0.2923 | AB64: 0.7585 | AC64: 0.7414 | AD64: =VLOOKUP(A64,AE:AE,1,FALSE) -> #REF!
A65: YG15 | B65: Erysipelothrix rhusiopathiae | C65: Cow | D65: bowtie2 | E65: TRUE | F65: 93 | G65: 28.627644 | H65: 0.028101398 | I65: TRUE | J65: 0 | K65: FALSE | L65: 92 | M65: 0.9892 | N65: 0.0033X | O65: 0.33% | P65: 63.83 | Q65: 56.5 | R65: 0 | S65: 0.6005 | T65: 0.9935 | U65: 99.51% | V65: 0.87 | W65: #1 | X65: 8/10 | Y65: E-value > 0.001, Reads >= 50, ANI > 96.5%, Breadth Ratio >= 0.8, Edit Distance Damage Decay Quality >= 0.5, Edit Distance No-Damage Decay Quality >= 0.6, Genus Ranking = 1, Read Mapping Ratio >= 0.5 | Z65: 0.4607 | AA65: 0.6005 | AB65: 0.87 | AC65: 0.8672 | AD65: =VLOOKUP(A65,AE:AE,1,FALSE) -> #REF!
A66: YG15 | B66: Streptococcus pyogenes | D66: bowtie2 | E66: TRUE | F66: 54 | G66: 35.163166 | H66: 0.011014356 | I66: TRUE | J66: 0 | K66: FALSE | L66: 67 | M66: 1.2407 | N66: 0.0029X | O66: 0.29% | P66: 76.55 | Q66: 56 | R66: 0 | S66: 0.5521 | T66: 0.9876 | U66: 99.20% | V66: 0.3 | W66: #16 | X66: 6/10 | Y66: E-value > 0.001, Reads >= 50, ANI > 96.5%, Breadth Ratio >= 0.8, Edit Distance No-Damage Decay Quality >= 0.6, Read Mapping Ratio >= 0.5 | Z66: 0.4262 | AA66: 0.5521 | AB66: 0.3 | AC66: 0.7655 | AD66: =VLOOKUP(A66,AE:AE,1,FALSE) -> #REF!
A67: YG15 | B67: Streptococcus equinus | D67: bowtie2 | E67: TRUE | F67: 94 | G67: 21.502663 | H67: 0.020789953 | I67: TRUE | J67: 0 | K67: FALSE | L67: 127 | M67: 1.3511 | N67: 0.0047X | O67: 0.46% | P67: 71.36 | Q67: 57 | R67: 0 | S67: 0.6228 | T67: 0.9844 | U67: 98.76% | V67: 0.3 | W67: #12 | X67: 6/10 | Y67: E-value > 0.001, Reads >= 50, ANI > 96.5%, Breadth Ratio >= 0.8, Edit Distance No-Damage Decay Quality >= 0.6, Read Mapping Ratio >= 0.5 | Z67: 0.4876 | AA67: 0.6228 | AB67: 0.3 | AC67: 0.6682 | AD67: =VLOOKUP(A67,AE:AE,1,FALSE) -> #REF!
A68: YG15 | B68: Clostridium perfringens | D68: bowtie2 | E68: TRUE | F68: 97 | G68: 37.497092 | H68: 0.0092023515 | I68: TRUE | J68: 0 | K68: FALSE | L68: 62 | M68: 0.6392 | N68: 0.0016X | O68: 0.16% | P68: 87.29 | Q68: 64 | R68: 0 | S68: 0.5066 | T68: 0.9914 | U68: 98.93% | W68: #2 | X68: 5/9 | Y68: E-value > 0.001, Reads >= 50, ANI > 96.5%, Breadth Ratio >= 0.8, Read Mapping Ratio >= 0.5 | Z68: 0.3967 | AA68: 0.5066 | AC68: 0.3618 | AD68: =VLOOKUP(A68,AE:AE,1,FALSE) -> #REF!
A69: YG15 | B69: Fusobacterium nucleatum | D69: bowtie2 | E69: TRUE | F69: 150 | G69: 21.661287 | H69: 0.007324952 | I69: TRUE | J69: 0 | K69: FALSE | L69: 43 | M69: 0.2867 | N69: 0.0012X | O69: 0.12% | P69: 61.79 | Q69: 57 | R69: 0 | S69: 0.4893 | T69: 1.0006 | U69: 98.53% | V69: 0 | W69: #1 | X69: 5/10 | Y69: E-value > 0.001, Reads >= 50, ANI > 96.5%, Breadth Ratio >= 0.8, Genus Ranking = 1 | Z69: 0.3765 | AA69: 0.4893 | AB69: 0 | AC69: 0.2197 | AD69: =VLOOKUP(A69,AE:AE,1,FALSE) -> #REF!
A70: YG16 | B70: Sheeppox virus | D70: bowtie2 | E70: TRUE | F70: 4 | G70: 14.561719 | H70: 0.0130413 | I70: TRUE | J70: 0 | K70: FALSE | L70: 8 | M70: 2 | N70: 0.0038X | O70: 0.38% | P70: 70.75 | Q70: 70.5 | R70: 0 | S70: 0.415 | T70: 1.0019 | U70: 98.94% | W70: #1 | X70: 6/9 | Y70: E-value > 0.001, Reads >= 1, ANI > 96.5%, Breadth Ratio >= 0.8, Genus Ranking = 1, Read Mapping Ratio >= 0.5 | Z70: 0.2843 | AA70: 0.415 | AC70: 0.7472 | AD70: =VLOOKUP(A70,AE:AE,1,FALSE) -> #REF!
A71: YG16 | B71: Molluscum contagiosum virus | D71: bowtie2 | E71: TRUE | F71: 8 | G71: 31.868404 | H71: 0.02502535 | I71: TRUE | J71: 0 | K71: FALSE | L71: 5 | M71: 0.625 | N71: 0.0015X | O71: 0.15% | P71: 58.8 | Q71: 64 | R71: 0.5 | S71: 0.3064 | T71: 1.0008 | U71: 98.98% | V71: 0 | X71: 7/10 | Y71: E-value > 0.001, Reads >= 5, ANI > 96.5%, 5' C>T Damage >= 0.01, Breadth Ratio >= 0.8, Edit Distance No-Damage Decay Quality >= 0.6, Read Mapping Ratio >= 0.5 | Z71: 0.2131 | AA71: 0.3064 | AB71: 0 | AC71: 0.8193 | AD71: =VLOOKUP(A71,AE:AE,1,FALSE) -> #REF!
A72: YG16 | B72: Staphylococcus aureus | D72: bowtie2 | E72: TRUE | F72: 459 | G72: 22.222686 | H72: 0.015297016 | I72: TRUE | J72: 0 | K72: FALSE | L72: 278 | M72: 0.6057 | N72: 0.0064X | O72: 0.63% | P72: 64.74 | Q72: 54 | R72: 0.018182 | S72: 0.6804 | T72: 0.9892 | U72: 98.98% | V72: 0.3824 | W72: #10 | X72: 7/10 | Y72: E-value > 0.001, Reads >= 200, ANI > 96.5%, 5' C>T Damage >= 0.01, Breadth Ratio >= 0.8, Edit Distance No-Damage Decay Quality >= 0.6, Read Mapping Ratio >= 0.5 | Z72: 0.5451 | AA72: 0.6804 | AB72: 0.3824 | AC72: 0.7339 | AD72: =VLOOKUP(A72,AE:AE,1,FALSE) -> #REF!
A73: YG16 | B73: Streptococcus pneumoniae | D73: bowtie2 | E73: TRUE | F73: 456 | G73: 16.256799 | H73: 0.016260724 | I73: TRUE | J73: 0 | K73: FALSE | L73: 663 | M73: 1.4539 | N73: 0.0193X | O73: 1.89% | P73: 61.45 | Q73: 52 | R73: 0.05036 | S73: 0.8091 | T73: 0.9886 | U73: 98.63% | V73: 0.8185 | W73: #2 | X73: 8/10 | Y73: E-value > 0.001, Reads >= 50, ANI > 96.5%, 5' C>T Damage >= 0.01, Breadth Ratio >= 0.8, Entropy (1000bp) >= 0.8 (bacteria), Edit Distance Damage Decay Quality >= 0.5, Read Mapping Ratio >= 0.5 | Z73: 0.6488 | AA73: 0.8091 | AB73: 0.8185 | AC73: 0.265 | AD73: =VLOOKUP(A73,AE:AE,1,FALSE) -> #REF!
A74: YG16 | B74: Erysipelothrix rhusiopathiae | C74: Cow | D74: bowtie2 | E74: TRUE | F74: 92 | G74: 24.750641 | H74: 0.0208089 | I74: TRUE | J74: 0 | K74: FALSE | L74: 92 | M74: 1 | N74: 0.0031X | O74: 0.31% | P74: 60.22 | Q74: 49 | R74: 0 | S74: 0.6046 | T74: 1.0016 | U74: 99.37% | V74: 0.8193 | W74: #1 | X74: 8/10 | Y74: E-value > 0.001, Reads >= 50, ANI > 96.5%, Breadth Ratio >= 0.8, Edit Distance Damage Decay Quality >= 0.5, Edit Distance No-Damage Decay Quality >= 0.6, Genus Ranking = 1, Read Mapping Ratio >= 0.5 | Z74: 0.4623 | AA74: 0.6046 | AB74: 0.8193 | AC74: 0.8502 | AD74: =VLOOKUP(A74,AE:AE,1,FALSE) -> #REF!
A75: YG16 | B75: Streptococcus pyogenes | D75: bowtie2 | E75: TRUE | F75: 67 | G75: 30.586169 | H75: 0.010336881 | I75: TRUE | J75: 0 | K75: FALSE | L75: 77 | M75: 1.1493 | N75: 0.003X | O75: 0.3% | P75: 69.1 | Q75: 57 | R75: 0 | S75: 0.5722 | T75: 1.0015 | U75: 99.02% | V75: 0 | W75: #14 | X75: 5/10 | Y75: E-value > 0.001, Reads >= 50, ANI > 96.5%, Breadth Ratio >= 0.8, Read Mapping Ratio >= 0.5 | Z75: 0.4447 | AA75: 0.5722 | AB75: 0 | AC75: 0.3736 | AD75: =VLOOKUP(A75,AE:AE,1,FALSE) -> #REF!
A76: YG16 | B76: Streptococcus equinus | D76: bowtie2 | E76: TRUE | F76: 90 | G76: 22.447121 | H76: 0.021691987 | I76: TRUE | J76: 0 | K76: FALSE | L76: 132 | M76: 1.4667 | N76: 0.0045X | O76: 0.45% | P76: 66.02 | Q76: 55 | R76: 0 | S76: 0.644 | T76: 1.0003 | U76: 98.76% | V76: 0 | W76: #12 | X76: 6/10 | Y76: E-value > 0.001, Reads >= 50, ANI > 96.5%, Breadth Ratio >= 0.8, Edit Distance No-Damage Decay Quality >= 0.6, Read Mapping Ratio >= 0.5 | Z76: 0.4948 | AA76: 0.644 | AB76: 0 | AC76: 0.6871 | AD76: =VLOOKUP(A76,AE:AE,1,FALSE) -> #REF!
A77: YG16 | B77: Clostridium perfringens | D77: bowtie2 | E77: TRUE | F77: 67 | G77: 32.888791 | H77: 0.0048936985 | I77: TRUE | J77: 0 | K77: FALSE | L77: 44 | M77: 0.6567 | N77: 0.001X | O77: 0.1% | P77: 74.36 | Q77: 60.5 | R77: 0.2 | S77: 0.4671 | T77: 1.0005 | U77: 98.90% | V77: 0.8625 | W77: #2 | X77: 8/10 | Y77: E-value > 0.001, Reads >= 50, ANI > 96.5%, 5' C>T Damage >= 0.01, Breadth Ratio >= 0.8, Edit Distance Damage Decay Quality >= 0.5, Edit Distance No-Damage Decay Quality >= 0.6, Read Mapping Ratio >= 0.5 | Z77: 0.3637 | AA77: 0.4671 | AB77: 0.8625 | AC77: 0.6724 | AD77: =VLOOKUP(A77,AE:AE,1,FALSE) -> #REF!
A78: YG16 | B78: Fusobacterium nucleatum | D78: bowtie2 | E78: TRUE | F78: 116 | G78: 17.595268 | H78: 0.0037422681 | I78: TRUE | J78: 0 | K78: FALSE | L78: 37 | M78: 0.319 | N78: 0.001X | O78: 0.1% | P78: 59.81 | Q78: 54 | R78: 0 | S78: 0.4648 | T78: 0.9824 | U78: 98.46% | W78: #1 | X78: 5/9 | Y78: E-value > 0.001, Reads >= 50, ANI > 96.5%, Breadth Ratio >= 0.8, Genus Ranking = 1 | Z78: 0.3577 | AA78: 0.4648 | AC78: 0.0945 | AD78: =VLOOKUP(A78,AE:AE,1,FALSE) -> #REF!
A79: YG17 | B79: Staphylococcus aureus | D79: bowtie2 | E79: TRUE | F79: 219 | G79: 25.076025 | H79: 0.0093219032 | I79: TRUE | J79: 0 | K79: FALSE | L79: 129 | M79: 0.589 | N79: 0.003X | O79: 0.29% | P79: 65.18 | Q79: 56 | R79: 0.035714 | S79: 0.5998 | T79: 0.9887 | U79: 99.08% | V79: 0.525 | W79: #9 | X79: 8/10 | Y79: E-value > 0.001, Reads >= 200, ANI > 96.5%, 5' C>T Damage >= 0.01, Breadth Ratio >= 0.8, Edit Distance Damage Decay Quality >= 0.5, Edit Distance No-Damage Decay Quality >= 0.6, Read Mapping Ratio >= 0.5 | Z79: 0.4717 | AA79: 0.5998 | AB79: 0.525 | AC79: 0.7392 | AD79: =VLOOKUP(A79,AE:AE,1,FALSE) -> #REF!
A80: YG17 | B80: Streptococcus pneumoniae | D80: bowtie2 | E80: TRUE | F80: 201 | G80: 19.89174 | H80: 0.010773552 | I80: TRUE | J80: 0 | K80: FALSE | L80: 316 | M80: 1.5721 | N80: 0.01X | O80: 1% | P80: 67.08 | Q80: 57 | R80: 0.016129 | S80: 0.7298 | T80: 1.0009 | U80: 98.62% | V80: 0.8387 | W80: #2 | X80: 7/10 | Y80: E-value > 0.001, Reads >= 50, ANI > 96.5%, 5' C>T Damage >= 0.01, Breadth Ratio >= 0.8, Edit Distance Damage Decay Quality >= 0.5, Read Mapping Ratio >= 0.5 | Z80: 0.5763 | AA80: 0.7298 | AB80: 0.8387 | AC80: 0.2488 | AD80: =VLOOKUP(A80,AE:AE,1,FALSE) -> #REF!
A81: YG17 | B81: Fusobacterium nucleatum | D81: bowtie2 | E81: TRUE | F81: 68 | G81: 24.962045 | H81: 0.0044170824 | I81: TRUE | J81: 0 | K81: FALSE | L81: 28 | M81: 0.4118 | N81: 0.0011X | O81: 0.11% | P81: 88.96 | Q81: 70 | R81: 0 | S81: 0.4335 | T81: 1.0006 | U81: 98.84% | V81: 0 | W81: #1 | X81: 5/10 | Y81: E-value > 0.001, Reads >= 50, ANI > 96.5%, Breadth Ratio >= 0.8, Genus Ranking = 1 | Z81: 0.3336 | AA81: 0.4335 | AB81: 0 | AC81: 0.3739 | AD81: =VLOOKUP(A81,AE:AE,1,FALSE) -> #REF!
A82: YG18 | B82: Staphylococcus aureus | D82: bowtie2 | E82: TRUE | F82: 307 | G82: 26.06666 | H82: 0.0140972 | I82: TRUE | J82: 0 | K82: FALSE | L82: 165 | M82: 0.5375 | N82: 0.0042X | O82: 0.42% | P82: 72.15 | Q82: 63 | R82: 0 | S82: 0.6241 | T82: 0.9885 | U82: 99.13% | V82: 0.8625 | W82: #10 | X82: 7/10 | Y82: E-value > 0.001, Reads >= 200, ANI > 96.5%, Breadth Ratio >= 0.8, Edit Distance Damage Decay Quality >= 0.5, Edit Distance No-Damage Decay Quality >= 0.6, Read Mapping Ratio >= 0.5 | Z82: 0.4942 | AA82: 0.6241 | AB82: 0.8625 | AC82: 0.7454 | AD82: =VLOOKUP(A82,AE:AE,1,FALSE) -> #REF!
A83: YG18 | B83: Streptococcus pneumoniae | D83: bowtie2 | E83: TRUE | F83: 262 | G83: 19.621798 | H83: 0.013645095 | I83: TRUE | J83: 0 | K83: FALSE | L83: 399 | M83: 1.5229 | N83: 0.0128X | O83: 1.25% | P83: 67.53 | Q83: 57 | R83: 0.012346 | S83: 0.7517 | T83: 0.988 | U83: 98.77% | V83: 0.8629 | W83: #2 | X83: 7/10 | Y83: E-value > 0.001, Reads >= 50, ANI > 96.5%, 5' C>T Damage >= 0.01, Breadth Ratio >= 0.8, Edit Distance Damage Decay Quality >= 0.5, Read Mapping Ratio >= 0.5 | Z83: 0.5983 | AA83: 0.7517 | AB83: 0.8629 | AC83: 0.2705 | AD83: =VLOOKUP(A83,AE:AE,1,FALSE) -> #REF!
A84: YG18 | B84: Erysipelothrix rhusiopathiae | D84: bowtie2 | E84: TRUE | F84: 112 | G84: 31.804339 | H84: 0.041626607 | I84: TRUE | J84: 0 | K84: FALSE | L84: 116 | M84: 1.0357 | N84: 0.0046X | O84: 0.46% | P84: 70.14 | Q84: 62.5 | R84: 0.034483 | S84: 0.6324 | T84: 1.0023 | U84: 99.26% | V84: 0.8625 | W84: #1 | X84: 8/10 | Y84: E-value > 0.001, Reads >= 50, ANI > 96.5%, 5' C>T Damage >= 0.01, Breadth Ratio >= 0.8, Edit Distance Damage Decay Quality >= 0.5, Genus Ranking = 1, Read Mapping Ratio >= 0.5 | Z84: 0.486 | AA84: 0.6324 | AB84: 0.8625 | AC84: 0.4581 | AD84: =VLOOKUP(A84,AE:AE,1,FALSE) -> #REF!
A85: YG18 | B85: Streptococcus equinus | D85: bowtie2 | E85: TRUE | F85: 83 | G85: 27.746958 | H85: 0.030528265 | I85: TRUE | J85: 0 | K85: FALSE | L85: 66 | M85: 0.7952 | N85: 0.0025X | O85: 0.25% | P85: 73.68 | Q85: 65 | R85: 0.1 | S85: 0.551 | T85: 1.0013 | U85: 98.64% | V85: 0.3 | W85: #7 | X85: 6/10 | Y85: E-value > 0.001, Reads >= 50, ANI > 96.5%, 5' C>T Damage >= 0.01, Breadth Ratio >= 0.8, Read Mapping Ratio >= 0.5 | Z85: 0.4246 | AA85: 0.551 | AB85: 0.3 | AC85: 0.2235 | AD85: =VLOOKUP(A85,AE:AE,1,FALSE) -> #REF!
A86: YG18 | B86: Clostridium perfringens | D86: bowtie2 | E86: TRUE | F86: 53 | G86: 36.324198 | H86: 0.0047228755 | I86: TRUE | J86: 0 | K86: FALSE | L86: 23 | M86: 0.434 | N86: 0.0005X | O86: 0.05% | P86: 77.26 | Q86: 60 | R86: 0 | S86: 0.387 | T86: 1.0003 | U86: 98.93% | W86: #2 | X86: 4/9 | Y86: E-value > 0.001, Reads >= 50, ANI > 96.5%, Breadth Ratio >= 0.8 | Z86: 0.3014 | AA86: 0.387 | AC86: 0.7372 | AD86: =VLOOKUP(A86,AE:AE,1,FALSE) -> #REF!
A87: YG18 | B87: Fusobacterium nucleatum | D87: bowtie2 | E87: TRUE | F87: 102 | G87: 22.584428 | H87: 0.0054186294 | I87: TRUE | J87: 0 | K87: FALSE | L87: 31 | M87: 0.3039 | N87: 0.0009X | O87: 0.09% | P87: 62.61 | Q87: 55 | R87: 0 | S87: 0.4409 | T87: 1.0004 | U87: 98.76% | V87: 0.0432 | W87: #1 | X87: 5/10 | Y87: E-value > 0.001, Reads >= 50, ANI > 96.5%, Breadth Ratio >= 0.8, Genus Ranking = 1 | Z87: 0.3438 | AA87: 0.4409 | AB87: 0.0432 | AC87: 0.2343 | AD87: =VLOOKUP(A87,AE:AE,1,FALSE) -> #REF!
A88: YG28 | B88: Staphylococcus aureus | D88: bowtie2 | E88: TRUE | F88: 313 | G88: 29.720882 | H88: 0.01866853 | I88: TRUE | J88: 0 | K88: FALSE | L88: 229 | M88: 0.7316 | N88: 0.006X | O88: 0.6% | P88: 74.16 | Q88: 65 | R88: 0 | S88: 0.6678 | T88: 0.9933 | U88: 99.15% | V88: 0 | W88: #7 | X88: 6/10 | Y88: E-value > 0.001, Reads >= 200, ANI > 96.5%, Breadth Ratio >= 0.8, Edit Distance No-Damage Decay Quality >= 0.6, Read Mapping Ratio >= 0.5 | Z88: 0.5285 | AA88: 0.6678 | AB88: 0 | AC88: 0.7607 | AD88: =VLOOKUP(A88,AE:AE,1,FALSE) -> #REF!
A89: YG28 | B89: Streptococcus pneumoniae | D89: bowtie2 | E89: TRUE | F89: 484 | G89: 16.722695 | H89: 0.018233455 | I89: TRUE | J89: 0 | K89: FALSE | L89: 721 | M89: 1.4897 | N89: 0.0231X | O89: 2.21% | P89: 67.74 | Q89: 57 | R89: 0.03681 | S89: 0.7987 | T89: 0.9674 | U89: 98.48% | V89: 0.7015 | W89: #4 | X89: 7/10 | Y89: E-value > 0.001, Reads >= 50, ANI > 96.5%, 5' C>T Damage >= 0.01, Breadth Ratio >= 0.8, Edit Distance Damage Decay Quality >= 0.5, Read Mapping Ratio >= 0.5 | Z89: 0.6521 | AA89: 0.7987 | AB89: 0.7015 | AC89: 0.2204 | AD89: =VLOOKUP(A89,AE:AE,1,FALSE) -> #REF!
A90: YG28 | B90: Erysipelothrix rhusiopathiae | D90: bowtie2 | E90: TRUE | F90: 58 | G90: 33.37157 | H90: 0.023876364 | I90: TRUE | J90: 0 | K90: FALSE | L90: 60 | M90: 1.0345 | N90: 0.0023X | O90: 0.23% | P90: 68.58 | Q90: 63 | R90: 0 | S90: 0.5443 | T90: 1.0012 | U90: 99.39% | V90: 0 | W90: #1 | X90: 6/10 | Y90: E-value > 0.001, Reads >= 50, ANI > 96.5%, Breadth Ratio >= 0.8, Genus Ranking = 1, Read Mapping Ratio >= 0.5 | Z90: 0.4186 | AA90: 0.5443 | AB90: 0 | AC90: 0.4921 | AD90: =VLOOKUP(A90,AE:AE,1,FALSE) -> #REF!
A91: YG28 | B91: Fusobacterium nucleatum | D91: bowtie2 | E91: TRUE | F91: 163 | G91: 24.834697 | H91: 0.010454429 | I91: TRUE | J91: 0 | K91: FALSE | L91: 45 | M91: 0.2761 | N91: 0.0016X | O91: 0.15% | P91: 76.67 | Q91: 72 | R91: 0 | S91: 0.4872 | T91: 0.9515 | U91: 98.38% | W91: #1 | X91: 5/9 | Y91: E-value > 0.001, Reads >= 50, ANI > 96.5%, Breadth Ratio >= 0.8, Genus Ranking = 1 | Z91: 0.378 | AA91: 0.4872 | AC91: 0.1849 | AD91: =VLOOKUP(A91,AE:AE,1,FALSE) -> #REF!
A92: LL066 | B92: Vibrio cholerae | D92: bowtie2 | E92: TRUE | F92: 797 | G92: 4.8907416 | H92: 0.0013066217 | I92: TRUE | J92: 0 | K92: FALSE | L92: 452 | M92: 0.5671 | N92: 0.0047X | O92: 0.29% | P92: 42.71 | Q92: 38 | R92: 0.015152 | S92: 0.5441 | T92: 0.6131 | U92: 98.44% | V92: 0.8769 | W92: #5 | X92: 6/10 | Y92: E-value > 0.001, Reads >= 50, ANI > 96.5%, 5' C>T Damage >= 0.01, Edit Distance Damage Decay Quality >= 0.5, Read Mapping Ratio >= 0.5 | Z92: 0.4292 | AA92: 0.5441 | AB92: 0.8769 | AC92: 0.2083 | AD92: =VLOOKUP(A92,AE:AE,1,FALSE) -> #REF!
A93: LL066 | B93: Sheeppox virus | D93: bowtie2 | E93: TRUE | F93: 2 | G93: 15.03299 | H93: 0.006978 | I93: TRUE | J93: 0 | K93: FALSE | L93: 9 | M93: 4.5 | N93: 0.0043X | O93: 0.43% | P93: 72.44 | Q93: 59 | R93: 0 | S93: 0.4385 | T93: 1.0022 | U93: 98.62% | W93: #1 | X93: 6/9 | Y93: E-value > 0.001, Reads >= 1, ANI > 96.5%, Breadth Ratio >= 0.8, Genus Ranking = 1, Read Mapping Ratio >= 0.5 | Z93: 0.3004 | AA93: 0.4385 | AC93: 0.3716 | AD93: =VLOOKUP(A93,AE:AE,1,FALSE) -> #REF!
A94: LL066 | B94: Goatpox virus | D94: bowtie2 | E94: TRUE | F94: 1 | G94: 11.006485 | H94: 0.0013728 | I94: TRUE | J94: 0 | K94: FALSE | L94: 3 | M94: 3 | N94: 0.0018X | O94: 0.18% | P94: 91.67 | Q94: 77 | R94: 0 | S94: 0.2193 | T94: 1.0009 | U94: 97.82% | W94: #3 | X94: 5/9 | Y94: E-value > 0.001, Reads >= 1, ANI > 96.5%, Breadth Ratio >= 0.8, Read Mapping Ratio >= 0.5 | Z94: 0.1503 | AA94: 0.2193 | AC94: 0.525 | AD94: =VLOOKUP(A94,AE:AE,1,FALSE) -> #REF!
A95: LL066 | B95: Lumpy skin disease virus | D95: bowtie2 | E95: TRUE | F95: 1 | G95: 20.027693 | H95: 0.00586 | I95: TRUE | J95: 0 | K95: FALSE | L95: 6 | M95: 6 | N95: 0.0034X | O95: 0.34% | P95: 84.83 | Q95: 68 | R95: 0 | S95: 0.3571 | T95: 1.0017 | U95: 98.82% | W95: #2 | X95: 5/9 | Y95: E-value > 0.001, Reads >= 1, ANI > 96.5%, Breadth Ratio >= 0.8, Read Mapping Ratio >= 0.5 | Z95: 0.2448 | AA95: 0.3571 | AC95: 0.6881 | AD95: =VLOOKUP(A95,AE:AE,1,FALSE) -> #REF!
A96: LL066 | B96: Clostridium septicum | D96: bowtie2 | E96: TRUE | F96: 178852 | G96: 505.00008 | H96: 9.7541579 | I96: TRUE | J96: 0 | K96: FALSE | L96: 147534 | M96: 0.8249 | N96: 3.5904X | O96: 86.7% | P96: 82.86 | Q96: 76 | R96: 0.016464 | S96: 0.9859 | T96: 0.8917 | U96: 99.75% | V96: 0.8498 | W96: #1 | X96: 10/10 | Y96: E-value > 0.001, Reads >= 50, ANI > 96.5%, 5' C>T Damage >= 0.01, Breadth Ratio >= 0.8, Entropy (1000bp) >= 0.8 (bacteria), Edit Distance Damage Decay Quality >= 0.5, Edit Distance No-Damage Decay Quality >= 0.6, Genus Ranking = 1, Read Mapping Ratio >= 0.5 | Z96: 0.9754 | AA96: 0.9859 | AB96: 0.8498 | AC96: 0.8593 | AD96: =VLOOKUP(A96,AE:AE,1,FALSE) -> #REF!
A97: LL066 | B97: Yersinia pestis | D97: bowtie2 | E97: TRUE | F97: 48 | G97: 5.1334345 | H97: 0.001784525 | I97: TRUE | J97: 0 | K97: FALSE | L97: 314 | M97: 6.5417 | N97: 0.0026X | O97: 0.07% | P97: 39.27 | Q97: 36 | R97: 0.032967 | S97: 0.3657 | T97: 0.275 | U97: 97.65% | V97: 0 | W97: #9 | X97: 5/10 | Y97: E-value > 0.001, Reads >= 20, ANI > 96.5%, 5' C>T Damage >= 0.01, Read Mapping Ratio >= 0.5 | Z97: 0.3037 | AA97: 0.3657 | AB97: 0 | AC97: 0.1176 | AD97: =VLOOKUP(A97,AE:AE,1,FALSE) -> #REF!
A98: LL066 | B98: Staphylococcus aureus | D98: bowtie2 | E98: TRUE | F98: 1282 | G98: 10.147388 | H98: 0.0088926677 | I98: TRUE | J98: 0 | K98: FALSE | L98: 325 | M98: 0.2535 | N98: 0.0073X | O98: 0.6% | P98: 63.19 | Q98: 47 | R98: 0.020408 | S98: 0.601 | T98: 0.8239 | U98: 98.73% | V98: 0.875 | W98: #13 | X98: 6/10 | Y98: E-value > 0.001, Reads >= 200, ANI > 96.5%, 5' C>T Damage >= 0.01, Breadth Ratio >= 0.8, Edit Distance Damage Decay Quality >= 0.5 | Z98: 0.5138 | AA98: 0.601 | AB98: 0.875 | AC98: 0.2639 | AD98: =VLOOKUP(A98,AE:AE,1,FALSE) -> #REF!
A99: LL066 | B99: Streptococcus pneumoniae | D99: bowtie2 | E99: TRUE | F99: 6030 | G99: 11.649585 | H99: 0.10219248 | I99: TRUE | J99: 0 | K99: FALSE | L99: 10770 | M99: 1.7861 | N99: 0.2961X | O99: 18.79% | P99: 58.04 | Q99: 48 | R99: 0.007491 | S99: 0.9198 | T99: 0.7333 | U99: 98.48% | V99: 0.8452 | W99: #4 | X99: 6/10 | Y99: E-value > 0.001, Reads >= 50, ANI > 96.5%, Entropy (1000bp) >= 0.8 (bacteria), Edit Distance Damage Decay Quality >= 0.5, Read Mapping Ratio >= 0.5 | Z99: 0.8546 | AA99: 0.9198 | AB99: 0.8452 | AC99: 0.2231 | AD99: =VLOOKUP(A99,AE:AE,1,FALSE) -> #REF!
A100: LL066 | B100: Schistosoma japonicum | D100: bowtie2 | E100: TRUE | F100: 7214 | G100: 1.5699017 | H100: 0.0013553875 | I100: TRUE | J100: 0 | K100: FALSE | L100: 7 | M100: 0.001 | N100: 0X | O100: 0% | P100: 49.14 | Q100: 41 | R100: 0 | S100: 0.0608 | T100: 0.7326 | U100: 99.42% | W100: #1 | X100: 4/9 | Y100: E-value > 0.001, Reads >= 50, ANI > 96.5%, Genus Ranking = 1 | Z100: 0.0506 | AA100: 0.0608 | AC100: 0.8488 | AD100: =VLOOKUP(A100,AE:AE,1,FALSE) -> #REF!
A101: LL066 | B101: Bibersteinia trehalosi | D101: bowtie2 | E101: TRUE | F101: 79 | G101: 9.4158314 | H101: 0.0022788468 | I101: TRUE | J101: 0 | K101: FALSE | L101: 274 | M101: 3.4684 | N101: 0.0045X | O101: 0.13% | P101: 38.67 | Q101: 36 | R101: 0 | S101: 0.4199 | T101: 0.294 | U101: 97.96% | V101: 0 | W101: #1 | X101: 5/10 | Y101: E-value > 0.001, Reads >= 50, ANI > 96.5%, Genus Ranking = 1, Read Mapping Ratio >= 0.5 | Z101: 0.3396 | AA101: 0.4199 | AB101: 0 | AC101: 0.1436 | AD101: =VLOOKUP(A101,AE:AE,1,FALSE) -> #REF!
A102: LL066 | B102: Streptococcus pyogenes | D102: bowtie2 | E102: TRUE | F102: 67 | G102: 13.905632 | H102: 0.0021399104 | I102: TRUE | J102: 0 | K102: FALSE | L102: 226 | M102: 3.3731 | N102: 0.0063X | O102: 0.4% | P102: 48.36 | Q102: 42.5 | R102: 0.017857 | S102: 0.5147 | T102: 0.6426 | U102: 98.40% | V102: 0 | W102: #40 | X102: 5/10 | Y102: E-value > 0.001, Reads >= 50, ANI > 96.5%, 5' C>T Damage >= 0.01, Read Mapping Ratio >= 0.5 | Z102: 0.4764 | AA102: 0.5147 | AB102: 0 | AC102: 0.2078 | AD102: =VLOOKUP(A102,AE:AE,1,FALSE) -> #REF!
...

Sheet S6  Pathogens Hits passing dete
A1: Sample | B1: Pathogen | C1: host_species | D1: Basic_taxon_name | E1: samp_taxon_common | F1: tissue_clean | G1: tissue_type | H1: Krakenuniq_reads | I1: Guellil_et_al_Evalue | J1: score_num | K1: sample_age | L1: sample_age_lower | M1: sample_age_upper | N1: Relative_entropy | O1: Genus_ranking | P1: Edit_distance_decay_quality_no_damage | Q1: Breadth_ratio | R1: ANI_num | S1: mapping_ratio | T1: latitude | U1: longitude | V1: geo_loc_name | W1: site_name | X1: pass_filter
A2: AA401 | B2: Clostridium perfringens | C2: Sus | D2: Sus | E2: Pig | F2: missing | G2: missing | H2: 296 | I2: 0.0068997081 | J2: 9 | K2: 1065 | L2: 846 | M2: 966 | N2: 0.6616 | O2: #1 | P2: 0.821 | Q2: 1.0013 | R2: 99.03 | S2: 0.7703 | T2: 65.4854 | U2: -19.3016 | V2: Iceland | W2: Skagafjordur | X2: TRUE
A3: AA401 | B3: Erysipelothrix rhusiopathiae | C3: Sus | D3: Sus | E3: Pig | F3: missing | G3: missing | H3: 428 | I3: 0.096038808 | J3: 9 | K3: 1065 | L3: 846 | M3: 966 | N3: 0.781 | O3: #1 | P3: 0.8426 | Q3: 0.9917 | R3: 99.23 | S3: 0.972 | T3: 65.4854 | U3: -19.3016 | V3: Iceland | W3: Skagafjordur | X3: TRUE
A4: AA478 | B4: Clostridium perfringens | C4: Sus | D4: Sus | E4: Wild boar/pig | F4: missing | G4: missing | H4: 911 | I4: 0.016888782 | J4: 9 | K4: 7000 | L4: NA | M4: NA | N4: 0.763 | O4: #1 | P4: 0.72 | Q4: 0.9947 | R4: 98.65 | S4: 0.6235 | T4: 45.0144 | U4: 34.1821 | V4: Ukraine | W4: Buran-Kaya IV | X4: TRUE
A5: AL725 | B5: Erysipelothrix rhusiopathiae | C5: Sus | D5: Sus | E5: Wild boar | F5: missing | G5: missing | H5: 82 | I5: 0.015600732 | J5: 9 | K5: 10200 | L5: 10000 | M5: 10300 | N5: 0.583 | O5: #1 | P5: 0.8466 | Q5: 1.0014 | R5: 99.32 | S5: 0.9878 | T5: 38.34935 | U5: 34.230237 | V5: Turkey | W5: Aşıklı Höyük | X5: TRUE
A6: Asikli4 | B6: Erysipelothrix rhusiopathiae | C6: Ovis | D6: Ovis | E6: Sheep | F6: humerus, UBERON:0000976 | G6: long_bone | H6: 114 | I6: 0.013692856 | J6: 7 | K6: 10200 | L6: 10000 | M6: 10400 | N6: 0.6324 | O6: #1 | P6: 0.8685 | Q6: 0.9996 | R6: 99.55 | S6: 1.0526 | T6: 38.34935 | U6: 34.230237 | V6: Turkey | W6: Aşıklı Höyük | X6: TRUE
A7: Asikli5 | B7: Clostridium perfringens | C7: Ovis | D7: Ovis | E7: Sheep | F7: humerus, UBERON:0000976 | G7: long_bone | H7: 325997 | I7: 1.4084731 | J7: 9 | K7: 9904 | L7: 9689 | M7: 10118 | N7: 0.9639 | O7: #1 | P7: 0.7283 | Q7: 0.7548 | R7: 98.78 | S7: 0.6282 | T7: 38.34935 | U7: 34.230237 | V7: Turkey | W7: Aşıklı Höyük | X7: TRUE
A8: Asikli7 | B8: Erysipelothrix rhusiopathiae | C8: Ovis | D8: Ovis | E8: Sheep | F8: petrous part of temporal bone, UBERON:0001694 | G8: petrous_cranial | H8: 153 | I8: 0.021799451 | J8: 8 | K8: 9600 | L8: 9400 | M8: 9800 | N8: 0.6506 | O8: #1 | P8: 0.8508 | Q8: 0.9752 | R8: 99.33 | S8: 1.0131 | T8: 38.34935 | U8: 34.230237 | V8: Turkey | W8: Aşıklı Höyük | X8: TRUE
A9: Asikli8 | B9: Clostridium perfringens | C9: Ovis | D9: Ovis | E9: Sheep | F9: petrous part of temporal bone, UBERON:0001694 | G9: petrous_cranial | H9: 26888 | I9: 0.76475288 | J9: 10 | K9: 9860 | L9: 9608 | M9: 10111 | N9: 0.9542 | O9: #1 | P9: 0.7285 | Q9: 0.9184 | R9: 98.84 | S9: 0.5815 | T9: 38.34935 | U9: 34.230237 | V9: Turkey | W9: Aşıklı Höyük | X9: TRUE
A10: Asikli8 | B10: Erysipelothrix rhusiopathiae | C10: Ovis | D10: Ovis | E10: Sheep | F10: petrous part of temporal bone, UBERON:0001694 | G10: petrous_cranial | H10: 415 | I10: 0.117542 | J10: 7 | K10: 9860 | L10: 9608 | M10: 10111 | N10: 0.7558 | O10: #1 | P10: 0.8503 | Q10: 0.9917 | R10: 99.36 | S10: 0.8289 | T10: 38.34935 | U10: 34.230237 | V10: Turkey | W10: Aşıklı Höyük | X10: TRUE
A11: Azer1 | B11: Clostridium septicum | C11: Bos | D11: Bos | E11: Eurasian cattle | F11: missing | G11: missing | H11: 137 | I11: 0.027056562 | J11: 6 | K11: 6100 | L11: NA | M11: NA | N11: 0.59 | O11: #1 | P11: 0.8345 | Q11: 0.9968 | R11: 99.45 | S11: 0.9343 | T11: 39.16 | U11: 45.27 | V11: Iran | W11: Kul Tepe (Kültəpə) | X11: TRUE
A12: BLT014 | B12: Yersinia enterocolitica | C12: Sus | D12: Sus | E12: Pig | F12: missing | G12: missing | H12: 65 | I12: 0.0012777951 | J12: 7 | K12: 6500 | L12: NA | M12: NA | N12: 0.4899 | O12: #1 | P12: 0.8351 | Q12: 1.0003 | R12: 99.01 | S12: 0.9538 | T12: 44.454 | U12: 20.3724 | V12: Serbia | W12: Vinča Belo Brdo | X12: TRUE
A13: Bed4 | B13: Erysipelothrix rhusiopathiae | C13: Bos | D13: Bos | E13: Aurochs | F13: petrous part of temporal bone, UBERON:0001706 | G13: petrous_cranial | H13: 2261 | I13: 0.26496293 | J13: 10 | K13: 10108 | L13: 11402 | M13: 11875 | N13: 0.93 | O13: #1 | P13: 0.8598 | Q13: 0.9889 | R13: 99.42 | S13: 1.0212 | T13: 51.107 | U13: 6.464 | V13: Germany | W13: Bedburg-Königshoven | X13: TRUE
A14: Blagotin10 | B14: Streptococcus equinus | C14: Ovis | D14: Ovis | E14: Sheep | F14: petrous part of temporal bone, UBERON:0001694 | G14: petrous_cranial | H14: 310 | I14: 0.034408287 | J14: 10 | K14: 8225 | L14: 8025 | M14: 8425 | N14: 0.8445 | O14: #1 | P14: 0.8487 | Q14: 0.9906 | R14: 99.23 | S14: 2.7355 | T14: 43.717483 | U14: 21.097898 | V14: Serbia | W14: Blagotin-Poljna | X14: TRUE
A15: Blagotin15 | B15: Clostridium perfringens | C15: Ovis | D15: Ovis | E15: Sheep | F15: petrous part of temporal bone, UBERON:0001694 | G15: petrous_cranial | H15: 6101 | I15: 0.13741135 | J15: 10 | K15: 8225 | L15: 8025 | M15: 8425 | N15: 0.8983 | O15: #1 | P15: 0.7604 | Q15: 0.9259 | R15: 99.01 | S15: 0.5132 | T15: 43.717483 | U15: 21.097898 | V15: Serbia | W15: Blagotin-Poljna | X15: TRUE
A16: Blagotin15 | B16: Streptococcus equinus | C16: Ovis | D16: Ovis | E16: Sheep | F16: petrous part of temporal bone, UBERON:0001694 | G16: petrous_cranial | H16: 151 | I16: 0.0094253066 | J16: 9 | K16: 8225 | L16: 8025 | M16: 8425 | N16: 0.7485 | O16: #1 | P16: 0.8453 | Q16: 0.9359 | R16: 99.23 | S16: 2.4834 | T16: 43.717483 | U16: 21.097898 | V16: Serbia | W16: Blagotin-Poljna | X16: TRUE
A17: Carrick3 | B17: Erysipelothrix rhusiopathiae | C17: Capra | D17: Capra | E17: Goat | F17: metatarsal, UBERON:0001448 | G17: long_bone | H17: 5913 | I17: 1.6573496 | J17: 9 | K17: 394 | L17: 315 | M17: 473 | N17: 0.9597 | O17: #1 | P17: 0.7952 | Q17: 0.9794 | R17: 99.4 | S17: 0.8813 | T17: 54.713611 | U17: -5.8075 | V17: Ireland | W17: Carrickfergus | X17: TRUE
A18: Chalow1 | B18: Clostridium tetani | C18: Capra | D18: Capra | E18: Goat | F18: petrous part of temporal bone, UBERON:0001706 | G18: petrous_cranial | H18: 9603 | I18: 3.9227236 | J18: 9 | K18: 4100 | L18: 3950 | M18: 4250 | N18: 0.9691 | O18: #1 | P18: 0.8659 | Q18: 0.982 | R18: 99.65 | S18: 0.9661 | T18: 37.10355 | U18: 56.885281 | V18: Iran | W18: Chalow, Khorasan | X18: TRUE
A19: Chalow2 | B19: Staphylococcus aureus | C19: Ovis | D19: Ovis | E19: Sheep | F19: petrous part of temporal bone, UBERON:0001694 | G19: petrous_cranial | H19: 2416 | I19: 0.27468764 | J19: 10 | K19: 4400 | L19: 4200 | M19: 4600 | N19: 0.9035 | O19: #1 | P19: 0.8464 | Q19: 0.9939 | R19: 99.43 | S19: 0.9164 | T19: 37.10355 | U19: 56.885281 | V19: Iran | W19: Chalow | X19: TRUE
A20: Dan1 | B20: Clostridium septicum | C20: Bos | D20: Bos | E20: Eurasian cattle | F20: missing | G20: missing | H20: 130 | I20: 0.0247804 | J20: 8 | K20: 5200 | L20: NA | M20: NA | N20: 0.5887 | O20: #1 | P20: 0.8667 | Q20: 1.0011 | R20: 99.47 | S20: 0.9538 | T20: 33.25 | U20: 35.65 | V20: Israel | W20: Tel Dan | X20: TRUE
A21: Direkli2 | B21: Clostridium perfringens | C21: Capra | D21: Capra | E21: Bezoar | F21: petrous part of temporal bone, UBERON:0001708 | G21: petrous_cranial | H21: 157988 | I21: 2.4119121 | J21: 9 | K21: 13243.5 | L21: 13170 | M21: 13317 | N21: 0.9693 | O21: #1 | P21: 0.731 | Q21: 0.7978 | R21: 98.86 | S21: 0.5921 | T21: 37.8578 | U21: 36.653883 | V21: Turkey | W21: Direkli Cave, Taurus Mountains | X21: TRUE
A22: Dublin1 | B22: Erysipelothrix rhusiopathiae | C22: Ovis | D22: Ovis | E22: Sheep | F22: petrous part of temporal bone, UBERON:0001694 | G22: petrous_cranial | H22: 274 | I22: 0.065335095 | J22: 7 | K22: 1250 | L22: 1050 | M22: 1450 | N22: 0.7439 | O22: #1 | P22: 0.8715 | Q22: 0.9971 | R22: 99.64 | S22: 1.0839 | T22: 53.8132 | U22: -6.75617 | V22: Ireland | W22: Moynagh Crannog | X22: TRUE
A23: Dublin2 | B23: Erysipelothrix rhusiopathiae | C23: Ovis | D23: Ovis | E23: Sheep | F23: petrous part of temporal bone, UBERON:0001694 | G23: petrous_cranial | H23: 60895 | I23: 6.5241053 | J23: 9 | K23: 900 | L23: 700 | M23: 1100 | N23: 0.9831 | O23: #1 | P23: 0.8648 | Q23: 0.9012 | R23: 99.59 | S23: 0.9982 | T23: 53.343889 | U23: -6.27 | V23: Ireland | W23: Fishamble Street | X23: TRUE
A24: Enkhuizen1 | B24: Erysipelothrix rhusiopathiae | C24: Ovis | D24: Ovis | E24: Sheep | F24: petrous part of temporal bone, UBERON:0001694 | G24: petrous_cranial | H24: 1021 | I24: 0.3725714 | J24: 10 | K24: 3080 | L24: 2998 | M24: 3162 | N24: 0.8643 | O24: #1 | P24: 0.8609 | Q24: 1.0049 | R24: 99.57 | S24: 0.8609 | T24: 52.7 | U24: 5.3 | V24: Netherlands | W24: Enkhuizen | X24: TRUE
A25: Falconeri2 | B25: Erysipelothrix rhusiopathiae | C25: Capra | D25: Capra | E25: Ibex | F25: mandible, UBERON:0001684 | G25: tooth | H25: 72 | I25: 0.013233333 | J25: 7 | K25: -38 | L25: -38.5 | M25: -37.5 | N25: 0.523 | O25: #1 | P25: 0.8495 | Q25: 1.0011 | R25: 99.44 | S25: 0.6944 | T25: 48.504 | U25: 2.2136 | V25: missing | W25: Born at the Muséum national d'Histoire naturelle zoo, France | X25: TRUE
A26: Frankfurt1 | B26: Escherichia coli | C26: Ovis | D26: Ovis | E26: Sheep | F26: petrous part of temporal bone, UBERON:0001694 | G26: petrous_cranial | H26: 546 | I26: 0.002778989 | J26: 9 | K26: 1700 | L26: 1500 | M26: 1900 | N26: 0.7665 | O26: #1 | P26: 0.7295 | Q26: 0.8003 | R26: 98.56 | S26: 3.3462 | T26: 50.161262 | U26: 8.6424693 | V26: Germany | W26: Frankfurt-Heddernheim | X26: TRUE
A27: Frankfurt1 | B27: Streptococcus gallolyticus | C27: Ovis | D27: Ovis | E27: Sheep | F27: petrous part of temporal bone, UBERON:0001694 | G27: petrous_cranial | H27: 64 | I27: 0.0025240484 | J27: 8 | K27: 1700 | L27: 1500 | M27: 1900 | N27: 0.6799 | O27: #1 | P27: 0.7616 | Q27: 0.9974 | R27: 98.96 | S27: 3.25 | T27: 50.161262 | U27: 8.6424693 | V27: Germany | W27: Frankfurt-Heddernheim | X27: TRUE
A28: Frankfurt1 | B28: Erysipelothrix rhusiopathiae | C28: Ovis | D28: Ovis | E28: Sheep | F28: petrous part of temporal bone, UBERON:0001694 | G28: petrous_cranial | H28: 229 | I28: 0.036352838 | J28: 8 | K28: 1700 | L28: 1500 | M28: 1900 | N28: 0.722 | O28: #1 | P28: 0.8708 | Q28: 0.9976 | R28: 99.56 | S28: 1.0393 | T28: 50.161262 | U28: 8.6424693 | V28: Germany | W28: Frankfurt-Heddernheim | X28: TRUE
A29: Galicia1 | B29: Erysipelothrix rhusiopathiae | C29: Bos | D29: Bos | E29: Aurochs | F29: petrous part of temporal bone, UBERON:0001706;humerus, UBERON:0000976 | G29: petrous_cranial | H29: 1706 | I29: 0.61573236 | J29: 10 | K29: 8297 | L29: 9035 | M29: 9464 | N29: 0.9109 | O29: #1 | P29: 0.853 | Q29: 0.9901 | R29: 99.49 | S29: 1.0059 | T29: 43.072 | U29: -8.661 | V29: Spain | W29: O Courel, Galicia | X29: TRUE
A30: Galicia3 | B30: Erysipelothrix rhusiopathiae | C30: Bos | D30: Bos | E30: Aurochs | F30: humerus, UBERON:0000976 | G30: long_bone | H30: 2848733 | I30: 0.25242121 | J30: 10 | K30: 8311 | L30: 9039 | M30: 9474 | N30: 0.9873 | O30: #1 | P30: 0.8563 | Q30: 0.9076 | R30: 99.5 | S30: 0.551 | T30: 43.072 | U30: -8.661 | V30: Spain | W30: O Courel, Galicia | X30: TRUE
A31: Ganj1 | B31: Clostridium perfringens | C31: Ovis | D31: Ovis | E31: Mouflon | F31: petrous part of temporal bone, UBERON:0001694 | G31: petrous_cranial | H31: 1098 | I31: 0.040399137 | J31: 9 | K31: 10070 | L31: 9910 | M31: 10229 | N31: 0.7828 | O31: #1 | P31: 0.7625 | Q31: 0.9941 | R31: 98.86 | S31: 0.6157 | T31: 34.2721 | U31: 47.4758 | V31: Iran | W31: Ganj Dareh | X31: TRUE
A32: Ganjdareh24 | B32: Streptococcus equinus | C32: Capra | D32: Capra | E32: Goat | F32: petrous part of temporal bone, UBERON:0001720 | G32: petrous_cranial | H32: 495 | I32: 0.038422848 | J32: 10 | K32: 9850 | L32: 9550 | M32: 10150 | N32: 0.8777 | O32: #1 | P32: 0.8124 | Q32: 1.0006 | R32: 99.13 | S32: 2.3414 | T32: 34.27218 | U32: 47.476423 | V32: Iran | W32: Ganj Dareh, Kermanshah | X32: TRUE
... A36: Hungate1 | B36: Erysipelothrix rhusiopathiae | C36: Ovis | D36: Ovis | E36: Sheep | F36: petrous part of temporal bone, UBERON:0001694 | G36: petrous_cranial | H36: 412 | I36: 0.086648374 | J36: 7 | K36: 800 | L36: 600 | M36: 1000 | N36: 0.7829 | O36: #1 | P36: 0.8591 | Q36: 0.996 | R36: 99.59 | S36: 1.0631 | T36: 53.959044 | U36: -1.0765495 | V36: United Kingdom | W36: Hungate | X36: TRUE
A37: Hxh2 | B37: Erysipelothrix rhusiopathiae | C37: Bos | D37: Bos | E37: Aurochs | F37: petrous part of temporal bone, UBERON:0001706 | G37: petrous_cranial | H37: 550 | I37: 0.070437802 | J37: 9 | K37: NA | L37: NA | M37: NA | N37: 0.7835 | O37: #1 | P37: 0.8596 | Q37: 0.9686 | R37: 99.42 | S37: 0.9673 | T37: 49.145 | U37: 8.222 | V37: Germany | W37: Herxheim | X37: TRUE
A38: Ibex1 | B38: Fusobacterium necrophorum | C38: Capra | D38: Capra | E38: Alpine ibex | F38: mandible, UBERON:0001684 | G38: tooth | H38: 1032 | I38: 0.32395359 | J38: 9 | K38: 51 | L38: 51 | M38: 71 | N38: 0.809 | O38: #1 | P38: 0.8414 | Q38: 0.9873 | R38: 99.33 | S38: 0.6531 | T38: NA | U38: NA | V38: missing | W38: missing | X38: TRUE
A39: Ibex1 | B39: Escherichia coli | C39: Capra | D39: Capra | E39: Alpine ibex | F39: mandible, UBERON:0001684 | G39: tooth | H39: 2094 | I39: 0.017332056 | J39: 10 | K39: 51 | L39: 51 | M39: 71 | N39: 0.9199 | O39: #1 | P39: 0.7828 | Q39: 0.9721 | R39: 99.1 | S39: 2.8801 | T39: NA | U39: NA | V39: missing | W39: missing | X39: TRUE
A40: KD024 | B40: Clostridium perfringens | C40: Sus | D40: Sus | E40: Pig | F40: missing | G40: missing | H40: 58 | I40: 0.0024377566 | J40: 7 | K40: 850 | L40: 450 | M40: 950 | N40: 0.4698 | O40: #1 | P40: 0.7302 | Q40: 1.0004 | R40: 99.01 | S40: 0.7759 | T40: 52.0186 | U40: 5.1758 | V40: Netherlands | W40: Houten-Hoogdijk, Utrecht | X40: TRUE
A41: KD486 | B41: Streptococcus equinus | C41: Capra | D41: Capra | E41: Goat | F41: Radius | G41: long_bone | H41: 352 | I41: 0.030165227 | J41: 10 | K41: 9700 | L41: 9250 | M41: 10150 | N41: 0.8367 | O41: #1 | P41: 0.7727 | Q41: 0.9994 | R41: 98.81 | S41: 2.1449 | T41: 34.2721 | U41: 47.4758 | V41: Iran | W41: Ganj Dareh | X41: TRUE
A42: Kaz4 | B42: Leptospira borgpetersenii | C42: Bos | D42: Bos | E42: Eurasian cattle;Zebu cattle | F42: missing | G42: missing | H42: 89 | I42: 0.0087430315 | J42: 7 | K42: 1200 | L42: NA | M42: NA | N42: 0.5221 | O42: #1 | P42: 0.8143 | Q42: 1.0005 | R42: 99.07 | S42: 0.8989 | T42: 42.66 | U42: 44.65 | V42: Georgia | W42: Dariali Tamara Fort | X42: TRUE
A43: Kilpheder2 | B43: Erysipelothrix rhusiopathiae | C43: Ovis | D43: Ovis | E43: Sheep | F43: petrous part of temporal bone, UBERON:0001694 | G43: petrous_cranial | H43: 1890 | I43: 0.87924003 | J43: 9 | K43: 900 | L43: 700 | M43: 1100 | N43: 0.9182 | O43: #1 | P43: 0.8623 | Q43: 0.9893 | R43: 99.57 | S43: 1.0079 | T43: 57.150855 | U43: -7.3906365 | V43: United Kingdom | W43: Kilpheder | X43: TRUE
A44: LL003 | B44: Clostridium tetani | C44: Uncertain | D44: Uncertain | E44: Uncertain | F44: metacarpal (fetous) | G44: long_bone | H44: 61 | I44: 0.011791357 | J44: 6 | K44: 10000 | L44: 9800 | M44: 10200 | N44: 0.5252 | O44: #1 | P44: 0.8736 | Q44: 1.0007 | R44: 99.67 | S44: 1.0984 | T44: 34.2721 | U44: 47.4758 | V44: Iran | W44: Ganj Dareh | X44: TRUE
A45: LL048 | B45: Bibersteinia trehalosi | C45: Ovis | D45: Ovis | E45: Sheep | F45: Maxilla mit M3 bis M1 | G45: tooth | H45: 297 | I45: 0.0095614387 | J45: 7 | K45: 4250 | L45: 4150 | M45: 4350 | N45: 0.5343 | O45: #1 | P45: 0.7271 | Q45: 0.8107 | R45: 98.85 | S45: 0.9293 | T45: 50.959633 | U45: 35.623396 | V45: Russia | W45: Zolotarevka 6 | X45: TRUE
A46: LL048 | B46: Fusobacterium necrophorum | C46: Ovis | D46: Ovis | E46: Sheep | F46: Maxilla mit M3 bis M1 | G46: tooth | H46: 100 | I46: 0.005305762 | J46: 8 | K46: 4250 | L46: 4150 | M46: 4350 | N46: 0.5379 | O46: #1 | P46: 0.852 | Q46: 0.9913 | R46: 99.27 | S46: 0.68 | T46: 50.959633 | U46: 35.623396 | V46: Russia | W46: Zolotarevka 6 | X46: TRUE
A47: LL050 | B47: Bibersteinia trehalosi | C47: Ovis | D47: Ovis | E47: Sheep | F47: mandibula + teeth | G47: tooth | H47: 268 | I47: 0.0089622761 | J47: 6 | K47: 4550 | L47: 4350 | M47: 4750 | N47: 0.535 | O47: #1 | P47: 0.7864 | Q47: 0.787 | R47: 99.01 | S47: 1.0187 | T47: 45.717903 | U47: 42.913274 | V47: Russia | W47: Ipatovo 5 | X47: TRUE
A48: LL051 | B48: Pasteurella multocida | C48: Ovis | D48: Ovis | E48: Sheep | F48: mandibula + teeth | G48: tooth | H48: 273 | I48: 0.0018476073 | J48: 7 | K48: 4550 | L48: 4350 | M48: 4750 | N48: 0.6707 | O48: #1 | P48: 0.7397 | Q48: 0.7582 | R48: 98.97 | S48: 1.9084 | T48: 45.717903 | U48: 42.913274 | V48: Russia | W48: Ipatovo 3 | X48: TRUE
A49: LL052 | B49: Bibersteinia trehalosi | C49: Ovis | D49: Ovis | E49: Sheep | F49: Maxilla + teeth | G49: tooth | H49: 54 | I49: 0.0040510167 | J49: 7 | K49: 4250 | L49: 4150 | M49: 4350 | N49: 0.52 | O49: #1 | P49: 0.801 | Q49: 0.991 | R49: 99.01 | S49: 1.1296 | T49: 45.4149 | U49: 43.6968 | V49: Russia | W49: Sharakhalsun 3 | X49: TRUE
A50: LL052 | B50: Pasteurella multocida | C50: Ovis | D50: Ovis | E50: Sheep | F50: Maxilla + teeth | G50: tooth | H50: 2455 | I50: 0.12560679 | J50: 10 | K50: 4250 | L50: 4150 | M50: 4350 | N50: 0.9531 | O50: #1 | P50: 0.7954 | Q50: 0.9836 | R50: 99.12 | S50: 1.936 | T50: 45.4149 | U50: 43.6968 | V50: Russia | W50: Sharakhalsun 3 | X50: TRUE
A51: LL054 | B51: Bibersteinia trehalosi | C51: Ovis | D51: Ovis | E51: Sheep | F51: teeth (M3), left | G51: tooth | H51: 52 | I51: 0.0051141058 | J51: 6 | K51: 4575 | L51: 4350 | M51: 4800 | N51: 0.4963 | O51: #1 | P51: 0.7572 | Q51: 1.0005 | R51: 98.95 | S51: 0.9038 | T51: 36.8485 | U51: 60.4181 | V51: Turkmenistan | W51: Monjukli Depe | X51: TRUE
A52: LL054 | B52: Fusobacterium necrophorum | C52: Ovis | D52: Ovis | E52: Sheep | F52: teeth (M3), left | G52: tooth | H52: 124 | I52: 0.0092691121 | J52: 7 | K52: 4575 | L52: 4350 | M52: 4800 | N52: 0.58 | O52: #1 | P52: 0.8522 | Q52: 1.001 | R52: 99.34 | S52: 0.7419 | T52: 36.8485 | U52: 60.4181 | V52: Turkmenistan | W52: Monjukli Depe | X52: TRUE
A53: LL058 | B53: Bibersteinia trehalosi | C53: Ovis | D53: Ovis | E53: Sheep | F53: Mandibula + teeth (juvenile-subadult) | G53: tooth | H53: 203 | I53: 0.028851803 | J53: 7 | K53: 4250 | L53: 4150 | M53: 4350 | N53: 0.6254 | O53: #1 | P53: 0.8167 | Q53: 0.9393 | R53: 99.07 | S53: 0.9261 | T53: 50.959633 | U53: 35.623396 | V53: Russia | W53: Zolotarevka 6 | X53: TRUE
A54: LL062 | B54: Clostridium perfringens | C54: Capra | D54: Capra | E54: Goat | F54: humerus(foet) | G54: long_bone | H54: 758 | I54: 0.026717058 | J54: 9 | K54: 10000 | L54: 9800 | M54: 10200 | N54: 0.739 | O54: #1 | P54: 0.7152 | Q54: 0.997 | R54: 98.88 | S54: 0.6161 | T54: 34.2721 | U54: 47.4758 | V54: Iran | W54: Ganj Dareh | X54: TRUE
... A63: LL108 | B63: Bibersteinia trehalosi | C63: Ovis | D63: Ovis | E63: Sheep | F63: pars petrous(same as LL081 and LL109) | G63: petrous_cranial | H63: 61 | I63: 0.0049669705 | J63: 7 | K63: 7450 | L63: 7250 | M63: 7650 | N63: 0.5412 | O63: #1 | P63: 0.7737 | Q63: 1.0007 | R63: 99.09 | S63: 1.1148 | T63: 33.73 | U63: 47.07 | V63: Iran | W63: Tepe Guran | X63: TRUE
A64: LL153 | B64: Fusobacterium necrophorum | C64: Ovis | D64: Ovis | E64: Sheep | F64: Mandibule, P3,M1,M2,M3 | G64: tooth | H64: 139 | I64: 0.052449388 | J64: 9 | K64: NA | L64: NA | M64: NA | N64: 0.5754 | O64: #1 | P64: 0.7435 | Q64: 1.0018 | R64: 98.89 | S64: 0.6115 | T64: 42.733962 | U64: 44.633676 | V64: Georgia | W64: Dariali | X64: TRUE
A65: LL157 | B65: Bibersteinia trehalosi | C65: Ovis | D65: Ovis | E65: Sheep | F65: P2, P3, P4, M1, M2, M3 | G65: tooth | H65: 358 | I65: 0.012112522 | J65: 6 | K65: 1899.5 | L65: 1750 | M65: 2049 | N65: 0.5819 | O65: #1 | P65: 0.7107 | Q65: 0.7708 | R65: 98.79 | S65: 1.1592 | T65: 39.970936 | U65: 64.618497 | V65: Uzbekistan | W65: Iskijkat | X65: TRUE
A66: LL158 | B66: Bibersteinia trehalosi | C66: Capra | D66: Capra | E66: Goat | F66: P2, P3, P4, M1, M2, M3 | G66: tooth | H66: 168 | I66: 0.01173587 | J66: 7 | K66: 899.5 | L66: 750 | M66: 1049 | N66: 0.4699 | O66: #1 | P66: 0.7607 | Q66: 0.8718 | R66: 99.05 | S66: 0.7738 | T66: 39.777778 | U66: 64.410278 | V66: Uzbekistan | W66: Bukhara | X66: TRUE
A67: LL159 | B67: Bibersteinia trehalosi | C67: Uncertain | D67: Uncertain | E67: Uncertain | F67: P3, P4, M1, M2, M3 | G67: tooth | H67: 169 | I67: 0.0071427077 | J67: 8 | K67: 1149.5 | L67: 1050 | M67: 1249 | N67: 0.5493 | O67: #1 | P67: 0.7182 | Q67: 0.868 | R67: 98.78 | S67: 1.0059 | T67: 39.955592 | U67: 67.037517 | V67: Uzbekistan | W67: Kafir-Kala | X67: TRUE
A68: LL160 | B68: Fusobacterium necrophorum | C68: Uncertain | D68: Uncertain | E68: Uncertain | F68: P3, P4, M1, M2, M3 | G68: tooth | H68: 23851 | I68: 1.9528035 | J68: 10 | K68: 1149.5 | L68: 1050 | M68: 1249 | N68: 0.9735 | O68: #1 | P68: 0.8661 | Q68: 0.9464 | R68: 99.57 | S68: 0.8798 | T68: 39.955592 | U68: 67.037517 | V68: Uzbekistan | W68: Kafir-Kala | X68: TRUE
A69: LL161 | B69: Bibersteinia trehalosi | C69: Capra | D69: Capra | E69: Goat | F69: P3, P4, M1, M2,, M3 | G69: tooth | H69: 366 | I69: 0.02094609 | J69: 7 | K69: 1499.5 | L69: 1350 | M69: 1649 | N69: 0.5033 | O69: #1 | P69: 0.7058 | Q69: 0.7442 | R69: 98.91 | S69: 0.7049 | T69: 40.047633 | U69: 64.156442 | V69: Uzbekistan | W69: Kakishtuvan | X69: TRUE
A70: LL163 | B70: Bibersteinia trehalosi | C70: Capra | D70: Capra | E70: Goat | F70: P3, P4, M1, M2, M3 | G70: tooth | H70: 1912 | I70: 0.11046525 | J70: 9 | K70: 1149.5 | L70: 1050 | M70: 1249 | N70: 0.828 | O70: #1 | P70: 0.8425 | Q70: 0.8746 | R70: 99.16 | S70: 0.9252 | T70: 39.955592 | U70: 67.037517 | V70: Uzbekistan | W70: Kafir-Kala | X70: TRUE
A71: LL163 | B71: Fusobacterium necrophorum | C71: Capra | D71: Capra | E71: Goat | F71: P3, P4, M1, M2, M3 | G71: tooth | H71: 13248 | I71: 1.1916994 | J71: 10 | K71: 1149.5 | L71: 1050 | M71: 1249 | N71: 0.9614 | O71: #1 | P71: 0.8445 | Q71: 0.9379 | R71: 99.52 | S71: 0.9697 | T71: 39.955592 | U71: 67.037517 | V71: Uzbekistan | W71: Kafir-Kala | X71: TRUE
A72: MC72713 | B72: Rickettsia felis | C72: Uncertain | D72: Uncertain | E72: Uncertain | F72: Metapodia (perinatal) | G72: long_bone | H72: 188 | I72: 0.16820153 | J72: 8 | K72: 9250 | L72: 9000 | M72: 9500 | N72: 0.5601 | O72: #1 | P72: 0.8407 | Q72: 0.9452 | R72: 99.36 | S72: 1.3723 | T72: 32.561071 | U72: 47.324171 | V72: Iran | W72: Ali Kosh | X72: TRUE
A73: MDVC564 | B73: Erysipelothrix rhusiopathiae | C73: Ovis | D73: Ovis | E73: Sheep | F73: petrous part of temporal bone, UBERON:0001694 | G73: petrous_cranial | H73: 5127 | I73: 0.44649826 | J73: 10 | K73: 6950 | L73: 6850 | M73: 7050 | N73: 0.9653 | O73: #1 | P73: 0.8671 | Q73: 0.9698 | R73: 99.5 | S73: 1.0919 | T73: 49.431467 | U73: 4.0048772 | V73: France | W73: Mennevile-Derrière-Le-Village, Picardie | X73: TRUE
A74: Mentese6 | B74: Brucella melitensis | C74: Ovis | D74: Ovis | E74: Sheep | F74: petrous part of temporal bone, UBERON:0001694 | G74: petrous_cranial | H74: 239 | I74: 0.054824075 | J74: 9 | K74: 7883 | L74: 7792 | M74: 7974 | N74: 0.988 | O74: #1 | P74: 0.8712 | Q74: 0.9903 | R74: 99.65 | S74: 97.7238 | T74: 40.277153 | U74: 29.52368 | V74: Turkey | W74: Menteşe | X74: TRUE
A75: Monjukli2 | B75: Clostridium perfringens | C75: Capra | D75: Capra | E75: Goat | F75: petrous part of temporal bone, UBERON:0001710 | G75: petrous_cranial | H75: 1588 | I75: 0.15244604 | J75: 9 | K75: 6750 | L75: 6450 | M75: 7050 | N75: 0.8165 | O75: #1 | P75: 0.7067 | Q75: 0.9985 | R75: 98.72 | S75: 0.6385 | T75: 36.8485 | U75: 60.4181 | V75: Turkmenistan | W75: Monjukli Depe, Meana-Čaača | X75: TRUE
A76: Murciélagos1 | B76: Clostridium perfringens | C76: Capra | D76: Capra | E76: Goat | F76: skin of body, UBERON:0002097 | G76: soft_tissue | H76: 7835 | I76: 0.56825181 | J76: 10 | K76: 7100 | L76: 7008 | M76: 7246 | N76: 0.9275 | O76: #1 | P76: 0.707 | Q76: 0.9855 | R76: 98.89 | S76: 0.5257 | T76: 36.805152 | U76: -3.1881125 | V76: Spain | W76: Cueva de los Murciélagos | X76: TRUE
... A90: ROS002 | B90: Erysipelothrix rhusiopathiae | C90: Bos | D90: Bos | E90: Aurochs | F90: astragalus, UBERON:4200021 | G90: other_bone | H90: 72 | I90: 0.024383717 | J90: 7 | K90: 4637 | L90: 5307 | M90: 5465 | N90: 0.5621 | O90: #1 | P90: 0.8526 | Q90: 0.9596 | R90: 99.47 | S90: 1.1389 | T90: 54.145 | U90: 69.194 | V90: Kazakhstan | W90: Roshchinskoe | X90: TRUE
A91: STK240 | B91: Rickettsia felis | C91: Bos | D91: Bos | E91: Eurasian cattle | F91: missing | G91: missing | H91: 807 | I91: 1.9010104 | J91: 9 | K91: 1500 | L91: NA | M91: 1549 | N91: 0.7713 | O91: #1 | P91: 0.8295 | Q91: 0.9386 | R91: 99.65 | S91: 1.2144 | T91: 35.87 | U91: 8.79 | V91: Tunisia | W91: Althiburos | X91: TRUE
A92: Shiderti10 | B92: Fusobacterium necrophorum | C92: Bos | D92: Bos | E92: Eurasian cattle | F92: molar tooth, UBERON:0003655 | G92: tooth | H92: 361 | I92: 0.0064595842 | J92: 8 | K92: 3538 | L92: 3698 | M92: 3909 | N92: 0.6645 | O92: #1 | P92: 0.8658 | Q92: 0.9854 | R92: 99.44 | S92: 0.5152 | T92: 51.721 | U92: 74.644 | V92: Kazakhstan | W92: Shiderti 10, Pavlodar region | X92: TRUE
A93: Shimao06 | B93: Fusobacterium necrophorum | C93: Bos | D93: Bos | E93: Eurasian cattle | F93: missing | G93: missing | H93: 62 | I93: 0.004825371 | J93: 6 | K93: 3879 | L93: NA | M93: NA | N93: 0.4938 | O93: #1 | P93: 0.7088 | Q93: 0.9862 | R93: 98.96 | S93: 0.7419 | T93: 38.33 | U93: 109.83 | V93: China | W93: Shimao | X93: TRUE
A94: Shimao08 | B94: Fusobacterium necrophorum | C94: Bos | D94: Bos | E94: Eurasian cattle | F94: missing | G94: missing | H94: 69 | I94: 0.0092083087 | J94: 8 | K94: 3879 | L94: NA | M94: NA | N94: 0.5256 | O94: #1 | P94: 0.7152 | Q94: 1.0009 | R94: 98.86 | S94: 0.8841 | T94: 38.33 | U94: 109.83 | V94: China | W94: Shimao | X94: TRUE
A95: Sibirica2 | B95: Fusobacterium necrophorum | C95: Capra | D95: Capra | E95: Ibex | F95: mandible, UBERON:0001684 | G95: tooth | H95: 3490 | I95: 1.4357315 | J95: 9 | K95: -24 | L95: -24 | M95: -4 | N95: 0.9184 | O95: #1 | P95: 0.8393 | Q95: 0.9826 | R95: 99.3 | S95: 0.6788 | T95: 48.504 | U95: 2.2136 | V95: missing | W95: Born at the Muséum national d'Histoire naturelle zoo, France | X95: TRUE
A96: VEM185 | B96: Erysipelothrix rhusiopathiae | C96: Sus | D96: Sus | E96: Pig | F96: missing | G96: missing | H96: 64 | I96: 0.0052144187 | J96: 8 | K96: 6500 | L96: NA | M96: NA | N96: 0.5601 | O96: #1 | P96: 0.8861 | Q96: 1.0009 | R96: 99.74 | S96: 1.0938 | T96: 51.1133 | U96: 1.4703 | V96: United Kingdom | W96: Durrington Walls | X96: TRUE
A97: Var1 | B97: Erysipelothrix rhusiopathiae | C97: Bos | D97: Bos | E97: Aurochs | F97: petrous part of temporal bone, UBERON:0001706 | G97: petrous_cranial | H97: 2973 | I97: 0.13941481 | J97: 10 | K97: 6580 | L97: 7426 | M97: 7567 | N97: 0.9474 | O97: #1 | P97: 0.8721 | Q97: 0.9797 | R97: 99.58 | S97: 1.1446 | T97: 51.63 | U97: 49.666 | V97: Russia | W97: Varfolomeevka | X97: TRUE
A98: Vratsa1 | B98: Pasteurella multocida | C98: Bos | D98: Bos | E98: Aurochs | F98: petrous part of temporal bone, UBERON:0001706 | G98: petrous_cranial | H98: 113 | I98: 0.0017051735 | J98: 7 | K98: 5266 | L98: 5932 | M98: 6184 | N98: 0.6843 | O98: #1 | P98: 0.8551 | Q98: 0.9843 | R98: 99.37 | S98: 1.9646 | T98: 42.973 | U98: 24.118 | V98: Bulgaria | W98: Vratsa | X98: TRUE
A99: Walie1 | B99: Bibersteinia trehalosi | C99: Capra | D99: Capra | E99: Walia ibex | F99: mandible, UBERON:0001684 | G99: tooth | H99: 23284 | I99: 5.4009422 | J99: 10 | K99: 0 | L99: -20 | M99: 20 | N99: 0.9776 | O99: #1 | P99: 0.806 | Q99: 0.945 | R99: 99.15 | S99: 0.7124 | T99: 48.504 | U99: 2.2136 | V99: missing | W99: Born at the Muséum national d'Histoire naturelle zoo, France | X99: TRUE
A100: Walie1 | B100: Erysipelothrix rhusiopathiae | C100: Capra | D100: Capra | E100: Walia ibex | F100: mandible, UBERON:0001684 | G100: tooth | H100: 70 | I100: 0.0250356 | J100: 6 | K100: 0 | L100: -20 | M100: 20 | N100: 0.5184 | O100: #1 | P100: 0.845 | Q100: 1.0011 | R100: 99.33 | S100: 0.7286 | T100: 48.504 | U100: 2.2136 | V100: missing | W100: Born at the Muséum national d'Histoire naturelle zoo, France | X100: TRUE
A101: Win1 | B101: Erysipelothrix rhusiopathiae | C101: Bos | D101: Bos | E101: Eurasian cattle | F101: missing | G101: missing | H101: 1831 | I101: 0.3847225 | J101: 10 | K101: 1556 | L101: NA | M101: NA | N101: 0.9236 | O101: #1 | P101: 0.8639 | Q101: 0.998 | R101: 99.56 | S101: 1.0628 | T101: 53.33333 | U101: 6.516667 | V101: Netherlands | W101: Winsum-Bruggeburen | X101: TRUE
A102: YG01 | B102: Erysipelothrix rhusiopathiae | C102: Ovis | D102: Ovis | E102: Sheep | F102: Parchment | G102: parchment | H102: 32896 | I102: 6.7711199 | J102: 10 | K102: 500 | L102: 350 | M102: 650 | N102: 0.9872 | O102: #1 | P102: 0.8287 | Q102: 0.9529 | R102: 99.48 | S102: 1.0009 | T102: 51.28 | U102: 1.08 | V102: United Kingdom | W102: Canterbury | X102: TRUE
A103: YG13 | B103: Clostridium perfringens | C103: Bos | D103: Bos | E103: Cow | F103: Parchment | G103: parchment | H103: 238 | I103: 0.013022294 | J103: 7 | K103: 500 | L103: 350 | M103: 650 | N103: 0.6066 | O103: #1 | P103: 0.7475 | Q103: 1.0014 | R103: 98.97 | S103: 0.584 | T103: 51.28 | U103: 1.08 | V103: United Kingdom | W103: Canterbury | X103: TRUE
A104: YG13 | B104: Erysipelothrix rhusiopathiae | C104: Bos | D104: Bos | E104: Cow | F104: Parchment | G104: parchment | H104: 48684 | I104: 5.4343335 | J104: 10 | K104: 500 | L104: 350 | M104: 650 | N104: 0.9879 | O104: #1 | P104: 0.8467 | Q104: 0.9387 | R104: 99.5 | S104: 1.0318 | T104: 51.28 | U104: 1.08 | V104: United Kingdom | W104: Canterbury | X104: TRUE
A105: YG14 | B105: Erysipelothrix rhusiopathiae | C105: Bos | D105: Bos | E105: Cow | F105: Parchment | G105: parchment | H105: 232 | I105: 0.047351405 | J105: 8 | K105: 945 | L105: 930 | M105: 960 | N105: 0.709 | O105: #1 | P105: 0.8568 | Q105: 1.0021 | R105: 99.4 | S105: 0.9612 | T105: 51.28 | U105: 1.08 | V105: United Kingdom | W105: Canterbury | X105: TRUE
A106: YG15 | B106: Erysipelothrix rhusiopathiae | C106: Bos | D106: Bos | E106: Cow | F106: Parchment | G106: parchment | H106: 93 | I106: 0.028101398 | J106: 8 | K106: 945 | L106: 930 | M106: 960 | N106: 0.6005 | O106: #1 | P106: 0.8672 | Q106: 0.9935 | R106: 99.51 | S106: 0.9892 | T106: 51.28 | U106: 1.08 | V106: United Kingdom | W106: Canterbury | X106: TRUE
A107: YG16 | B107: Erysipelothrix rhusiopathiae | C107: Bos | D107: Bos | E107: Cow | F107: Parchment | G107: parchment | H107: 92 | I107: 0.0208089 | J107: 8 | K107: 945 | L107: 930 | M107: 960 | N107: 0.6046 | O107: #1 | P107: 0.8502 | Q107: 1.0016 | R107: 99.37 | S107: 1 | T107: 51.28 | U107: 1.08 | V107: United Kingdom | W107: Canterbury | X107: TRUE
A108: Yarmut1 | B108: Clostridium perfringens | C108: Capra | D108: Capra | E108: Goat | F108: petrous part of temporal bone, UBERON:0001708 | G108: petrous_cranial | H108: 57 | I108: 0.0019224533 | J108: 8 | K108: 4550 | L108: 4450 | M108: 4650 | N108: 0.4671 | O108: #1 | P108: 0.7215 | Q108: 1.0004 | R108: 98.87 | S108: 0.7895 | T108: 31.707985 | U108: 34.975283 | V108: Israel | W108: Tel Yarmuth, Bet Shemesh | X108: TRUE
A109: Yoqneam1 | B109: Erysipelothrix rhusiopathiae | C109: Ovis | D109: Ovis | E109: Sheep | F109: petrous part of temporal bone, UBERON:0001694 | G109: petrous_cranial | H109: 178 | I109: 0.039858146 | J109: 7 | K109: 1130 | L109: 1260 | M109: 1000 | N109: 0.6903 | O109: #1 | P109: 0.8695 | Q109: 1.0027 | R109: 99.57 | S109: 1.0562 | T109: 32.663852 | U109: 35.108734 | V109: Israel | W109: Tel Yoqne’am | X109: TRUE
A110: Zea1 | B110: Erysipelothrix rhusiopathiae | C110: Bos | D110: Bos | E110: Aurochs | F110: petrous part of temporal bone, UBERON:0001706 | G110: petrous_cranial | H110: 1123 | I110: 0.058362004 | J110: 8 | K110: NA | L110: NA | M110: NA | N110: 0.887 | O110: #1 | P110: 0.8693 | Q110: 0.983 | R110: 99.53 | S110: 1.1104 | T110: 55.358 | U110: 11.393 | V110: Denmark | W110: Lundby I | X110: TRUE

Sheet S7  Samples passing detection f
A1: Sample | B1: n_passing_detections | C1: pathogens | D1: host_species | E1: Basic_taxon_name | F1: samp_taxon_common | G1: tissue_clean | H1: tissue_type | I1: sample_age | J1: sample_age_lower | K1: sample_age_upper | L1: latitude | M1: longitude | N1: geo_loc_name | O1: site_name | P1: on_map | Q1: Archeological label
A2: AA401 | B2: 2 | C2: Clostridium perfringens; Erysipelothrix rhusiopathiae | D2: Sus | E2: Sus | F2: Pig | G2: missing | H2: missing | I2: 1065 | J2: 846 | K2: 966 | L2: 65.4854 | M2: -19.3016 | N2: Iceland | O2: Skagafjordur | P2: TRUE | Q2: =VLOOKUP(A2,'S8 Newly published datasets'!A:Q,16,FALSE) -> #N/A
A3: AA478 | B3: 1 | C3: Clostridium perfringens | D3: Sus | E3: Sus | F3: Wild boar/pig | G3: missing | H3: missing | I3: 7000 | J3: NA | K3: NA | L3: 45.0144 | M3: 34.1821 | N3: Ukraine | O3: Buran-Kaya IV | P3: TRUE | Q3: =VLOOKUP(A3,'S8 Newly published datasets'!A:Q,16,FALSE) -> #N/A
A4: AL725 | B4: 1 | C4: Erysipelothrix rhusiopathiae | D4: Sus | E4: Sus | F4: Wild boar | G4: missing | H4: missing | I4: 10200 | J4: 10000 | K4: 10300 | L4: 38.34935 | M4: 34.230237 | N4: Turkey | O4: Aşıklı Höyük | P4: TRUE | Q4: =VLOOKUP(A4,'S8 Newly published datasets'!A:Q,16,FALSE) -> #N/A
A5: Asikli4 | B5: 1 | C5: Erysipelothrix rhusiopathiae | D5: Ovis | E5: Ovis | F5: Sheep | G5: humerus, UBERON:0000976 | H5: long_bone | I5: 10200 | J5: 10000 | K5: 10400 | L5: 38.34935 | M5: 34.230237 | N5: Turkey | O5: Aşıklı Höyük | P5: TRUE | Q5: =VLOOKUP(A5,'S8 Newly published datasets'!A:Q,16,FALSE) -> #N/A
A6: Asikli5 | B6: 1 | C6: Clostridium perfringens | D6: Ovis | E6: Ovis | F6: Sheep | G6: humerus, UBERON:0000976 | H6: long_bone | I6: 9904 | J6: 9689 | K6: 10118 | L6: 38.34935 | M6: 34.230237 | N6: Turkey | O6: Aşıklı Höyük | P6: TRUE | Q6: =VLOOKUP(A6,'S8 Newly published datasets'!A:Q,16,FALSE) -> #N/A
A7: Asikli7 | B7: 1 | C7: Erysipelothrix rhusiopathiae | D7: Ovis | E7: Ovis | F7: Sheep | G7: petrous part of temporal bone, UBERON:0001694 | H7: petrous_cranial | I7: 9600 | J7: 9400 | K7: 9800 | L7: 38.34935 | M7: 34.230237 | N7: Turkey | O7: Aşıklı Höyük | P7: TRUE | Q7: =VLOOKUP(A7,'S8 Newly published datasets'!A:Q,16,FALSE) -> #N/A
A8: Asikli8 | B8: 2 | C8: Clostridium perfringens; Erysipelothrix rhusiopathiae | D8: Ovis | E8: Ovis | F8: Sheep | G8: petrous part of temporal bone, UBERON:0001694 | H8: petrous_cranial | I8: 9860 | J8: 9608 | K8: 10111 | L8: 38.34935 | M8: 34.230237 | N8: Turkey | O8: Aşıklı Höyük | P8: TRUE | Q8: =VLOOKUP(A8,'S8 Newly published datasets'!A:Q,16,FALSE) -> #N/A
A9: Azer1 | B9: 1 | C9: Clostridium septicum | D9: Bos | E9: Bos | F9: Eurasian cattle | G9: missing | H9: missing | I9: 6100 | J9: NA | K9: NA | L9: 39.16 | M9: 45.27 | N9: Iran | O9: Kul Tepe (Kültəpə) | P9: TRUE | Q9: =VLOOKUP(A9,'S8 Newly published datasets'!A:Q,16,FALSE) -> #N/A
A10: BLT014 | B10: 1 | C10: Yersinia enterocolitica | D10: Sus | E10: Sus | F10: Pig | G10: missing | H10: missing | I10: 6500 | J10: NA | K10: NA | L10: 44.454 | M10: 20.3724 | N10: Serbia | O10: Vinča Belo Brdo | P10: TRUE | Q10: =VLOOKUP(A10,'S8 Newly published datasets'!A:Q,16,FALSE) -> #N/A
A11: Bed4 | B11: 1 | C11: Erysipelothrix rhusiopathiae | D11: Bos | E11: Bos | F11: Aurochs | G11: petrous part of temporal bone, UBERON:0001706 | H11: petrous_cranial | I11: 10108 | J11: 11402 | K11: 11875 | L11: 51.107 | M11: 6.464 | N11: Germany | O11: Bedburg-Königshoven | P11: TRUE | Q11: =VLOOKUP(A11,'S8 Newly published datasets'!A:Q,16,FALSE) -> #N/A
A12: Blagotin10 | B12: 1 | C12: Streptococcus equinus | D12: Ovis | E12: Ovis | F12: Sheep | G12: petrous part of temporal bone, UBERON:0001694 | H12: petrous_cranial | I12: 8225 | J12: 8025 | K12: 8425 | L12: 43.717483 | M12: 21.097898 | N12: Serbia | O12: Blagotin-Poljna | P12: TRUE | Q12: =VLOOKUP(A12,'S8 Newly published datasets'!A:Q,16,FALSE) -> #N/A
A13: Blagotin15 | B13: 2 | C13: Clostridium perfringens; Streptococcus equinus | D13: Ovis | E13: Ovis | F13: Sheep | G13: petrous part of temporal bone, UBERON:0001694 | H13: petrous_cranial | I13: 8225 | J13: 8025 | K13: 8425 | L13: 43.717483 | M13: 21.097898 | N13: Serbia | O13: Blagotin-Poljna | P13: TRUE | Q13: =VLOOKUP(A13,'S8 Newly published datasets'!A:Q,16,FALSE) -> #N/A
A14: Carrick3 | B14: 1 | C14: Erysipelothrix rhusiopathiae | D14: Capra | E14: Capra | F14: Goat | G14: metatarsal, UBERON:0001448 | H14: long_bone | I14: 394 | J14: 315 | K14: 473 | L14: 54.713611 | M14: -5.8075 | N14: Ireland | O14: Carrickfergus | P14: TRUE | Q14: =VLOOKUP(A14,'S8 Newly published datasets'!A:Q,16,FALSE) -> #N/A
A15: Chalow1 | B15: 1 | C15: Clostridium tetani | D15: Capra | E15: Capra | F15: Goat | G15: petrous part of temporal bone, UBERON:0001706 | H15: petrous_cranial | I15: 4100 | J15: 3950 | K15: 4250 | L15: 37.10355 | M15: 56.885281 | N15: Iran | O15: Chalow, Khorasan | P15: TRUE | Q15: =VLOOKUP(A15,'S8 Newly published datasets'!A:Q,16,FALSE) -> #N/A
A16: Chalow2 | B16: 1 | C16: Staphylococcus aureus | D16: Ovis | E16: Ovis | F16: Sheep | G16: petrous part of temporal bone, UBERON:0001694 | H16: petrous_cranial | I16: 4400 | J16: 4200 | K16: 4600 | L16: 37.10355 | M16: 56.885281 | N16: Iran | O16: Chalow | P16: TRUE | Q16: =VLOOKUP(A16,'S8 Newly published datasets'!A:Q,16,FALSE) -> #N/A
A17: Dan1 | B17: 1 | C17: Clostridium septicum | D17: Bos | E17: Bos | F17: Eurasian cattle | G17: missing | H17: missing | I17: 5200 | J17: NA | K17: NA | L17: 33.25 | M17: 35.65 | N17: Israel | O17: Tel Dan | P17: TRUE | Q17: =VLOOKUP(A17,'S8 Newly published datasets'!A:Q,16,FALSE) -> #N/A
A18: Direkli2 | B18: 1 | C18: Clostridium perfringens | D18: Capra | E18: Capra | F18: Bezoar | G18: petrous part of temporal bone, UBERON:0001708 | H18: petrous_cranial | I18: 13243.5 | J18: 13170 | K18: 13317 | L18: 37.8578 | M18: 36.653883 | N18: Turkey | O18: Direkli Cave, Taurus Mountains | P18: TRUE | Q18: =VLOOKUP(A18,'S8 Newly published datasets'!A:Q,16,FALSE) -> #N/A
A19: Dublin1 | B19: 1 | C19: Erysipelothrix rhusiopathiae | D19: Ovis | E19: Ovis | F19: Sheep | G19: petrous part of temporal bone, UBERON:0001694 | H19: petrous_cranial | I19: 1250 | J19: 1050 | K19: 1450 | L19: 53.8132 | M19: -6.75617 | N19: Ireland | O19: Moynagh Crannog | P19: TRUE | Q19: =VLOOKUP(A19,'S8 Newly published datasets'!A:Q,16,FALSE) -> #N/A
A20: Dublin2 | B20: 1 | C20: Erysipelothrix rhusiopathiae | D20: Ovis | E20: Ovis | F20: Sheep | G20: petrous part of temporal bone, UBERON:0001694 | H20: petrous_cranial | I20: 900 | J20: 700 | K20: 1100 | L20: 53.343889 | M20: -6.27 | N20: Ireland | O20: Fishamble Street | P20: TRUE | Q20: =VLOOKUP(A20,'S8 Newly published datasets'!A:Q,16,FALSE) -> #N/A
A21: Enkhuizen1 | B21: 1 | C21: Erysipelothrix rhusiopathiae | D21: Ovis | E21: Ovis | F21: Sheep | G21: petrous part of temporal bone, UBERON:0001694 | H21: petrous_cranial | I21: 3080 | J21: 2998 | K21: 3162 | L21: 52.7 | M21: 5.3 | N21: Netherlands | O21: Enkhuizen | P21: TRUE | Q21: =VLOOKUP(A21,'S8 Newly published datasets'!A:Q,16,FALSE) -> #N/A
A22: Falconeri2 | B22: 1 | C22: Erysipelothrix rhusiopathiae | D22: Capra | E22: Capra | F22: Ibex | G22: mandible, UBERON:0001684 | H22: tooth | I22: -38 | J22: -38.5 | K22: -37.5 | L22: 48.504 | M22: 2.2136 | N22: missing | O22: Born at the Muséum national d'Histoire naturelle zoo, France | P22: TRUE | Q22: =VLOOKUP(A22,'S8 Newly published datasets'!A:Q,16,FALSE) -> #N/A
A23: Frankfurt1 | B23: 3 | C23: Escherichia coli; Streptococcus gallolyticus; Erysipelothrix rhusiopathiae | D23: Ovis | E23: Ovis | F23: Sheep | G23: petrous part of temporal bone, UBERON:0001694 | H23: petrous_cranial | I23: 1700 | J23: 1500 | K23: 1900 | L23: 50.161262 | M23: 8.6424693 | N23: Germany | O23: Frankfurt-Heddernheim | P23: TRUE | Q23: =VLOOKUP(A23,'S8 Newly published datasets'!A:Q,16,FALSE) -> #N/A
A24: Galicia1 | B24: 1 | C24: Erysipelothrix rhusiopathiae | D24: Bos | E24: Bos | F24: Aurochs | G24: petrous part of temporal bone, UBERON:0001706;humerus, UBERON:0000976 | H24: petrous_cranial | I24: 8297 | J24: 9035 | K24: 9464 | L24: 43.072 | M24: -8.661 | N24: Spain | O24: O Courel, Galicia | P24: TRUE | Q24: =VLOOKUP(A24,'S8 Newly published datasets'!A:Q,16,FALSE) -> #N/A
A25: Galicia3 | B25: 1 | C25: Erysipelothrix rhusiopathiae | D25: Bos | E25: Bos | F25: Aurochs | G25: humerus, UBERON:0000976 | H25: long_bone | I25: 8311 | J25: 9039 | K25: 9474 | L25: 43.072 | M25: -8.661 | N25: Spain | O25: O Courel, Galicia | P25: TRUE | Q25: =VLOOKUP(A25,'S8 Newly published datasets'!A:Q,16,FALSE) -> #N/A
A26: Ganj1 | B26: 1 | C26: Clostridium perfringens | D26: Ovis | E26: Ovis | F26: Mouflon | G26: petrous part of temporal bone, UBERON:0001694 | H26: petrous_cranial | I26: 10070 | J26: 9910 | K26: 10229 | L26: 34.2721 | M26: 47.4758 | N26: Iran | O26: Ganj Dareh | P26: TRUE | Q26: =VLOOKUP(A26,'S8 Newly published datasets'!A:Q,16,FALSE) -> #N/A
A27: Ganjdareh24 | B27: 1 | C27: Streptococcus equinus | D27: Capra | E27: Capra | F27: Goat | G27: petrous part of temporal bone, UBERON:0001720 | H27: petrous_cranial | I27: 9850 | J27: 9550 | K27: 10150 | L27: 34.27218 | M27: 47.476423 | N27: Iran | O27: Ganj Dareh, Kermanshah | P27: TRUE | Q27: =VLOOKUP(A27,'S8 Newly published datasets'!A:Q,16,FALSE) -> #N/A
A28: Ganjdareh26 | B28: 1 | C28: Streptococcus equinus | D28: Capra | E28: Capra | F28: Goat | G28: petrous part of temporal bone, UBERON:0001721 | H28: petrous_cranial | I28: 9850 | J28: 9550 | K28: 10150 | L28: 34.27218 | M28: 47.476423 | N28: Iran | O28: Ganj Dareh, Kermanshah | P28: TRUE | Q28: =VLOOKUP(A28,'S8 Newly published datasets'!A:Q,16,FALSE) -> #N/A
A29: Ganjdareh27 | B29: 2 | C29: Clostridium perfringens; Streptococcus equinus | D29: Capra | E29: Capra | F29: Goat | G29: petrous part of temporal bone, UBERON:0001722 | H29: petrous_cranial | I29: 9850 | J29: 9550 | K29: 10150 | L29: 34.27218 | M29: 47.476423 | N29: Iran | O29: Ganj Dareh, Kermanshah | P29: TRUE | Q29: =VLOOKUP(A29,'S8 Newly published datasets'!A:Q,16,FALSE) -> #N/A
A30: Hungate1 | B30: 1 | C30: Erysipelothrix rhusiopathiae | D30: Ovis | E30: Ovis | F30: Sheep | G30: petrous part of temporal bone, UBERON:0001694 | H30: petrous_cranial | I30: 800 | J30: 600 | K30: 1000 | L30: 53.959044 | M30: -1.0765495 | N30: United Kingdom | O30: Hungate | P30: TRUE | Q30: =VLOOKUP(A30,'S8 Newly published datasets'!A:Q,16,FALSE) -> #N/A
A31: Hxh2 | B31: 1 | C31: Erysipelothrix rhusiopathiae | D31: Bos | E31: Bos | F31: Aurochs | G31: petrous part of temporal bone, UBERON:0001706 | H31: petrous_cranial | I31: NA | J31: NA | K31: NA | L31: 49.145 | M31: 8.222 | N31: Germany | O31: Herxheim | P31: TRUE | Q31: =VLOOKUP(A31,'S8 Newly published datasets'!A:Q,16,FALSE) -> #N/A
A32: Ibex1 | B32: 2 | C32: Fusobacterium necrophorum; Escherichia coli | D32: Capra | E32: Capra | F32: Alpine ibex | G32: mandible, UBERON:0001684 | H32: tooth | I32: 51 | J32: 51 | K32: 71 | L32: NA | M32: NA | N32: missing | O32: missing | P32: FALSE | Q32: =VLOOKUP(A32,'S8 Newly published datasets'!A:Q,16,FALSE) -> #N/A
A33: KD024 | B33: 1 | C33: Clostridium perfringens | D33: Sus | E33: Sus | F33: Pig | G33: missing | H33: missing | I33: 850 | J33: 450 | K33: 950 | L33: 52.0186 | M33: 5.1758 | N33: Netherlands | O33: Houten-Hoogdijk, Utrecht | P33: TRUE | Q33: =VLOOKUP(A33,'S8 Newly published datasets'!A:Q,16,FALSE) -> #N/A
A34: KD486 | B34: 1 | C34: Streptococcus equinus | D34: Capra | E34: Capra | F34: Goat | G34: Radius | H34: long_bone | I34: 9700 | J34: 9250 | K34: 10150 | L34: 34.2721 | M34: 47.4758 | N34: Iran | O34: Ganj Dareh | P34: TRUE | Q34: =VLOOKUP(A34,'S8 Newly published datasets'!A:Q,16,FALSE) -> KD486
A35: Kaz4 | B35: 1 | C35: Leptospira borgpetersenii | D35: Bos | E35: Bos | F35: Eurasian cattle;Zebu cattle | G35: missing | H35: missing | I35: 1200 | J35: NA | K35: NA | L35: 42.66 | M35: 44.65 | N35: Georgia | O35: Dariali Tamara Fort | P35: TRUE | Q35: =VLOOKUP(A35,'S8 Newly published datasets'!A:Q,16,FALSE) -> #N/A
A36: Kilpheder2 | B36: 1 | C36: Erysipelothrix rhusiopathiae | D36: Ovis | E36: Ovis | F36: Sheep | G36: petrous part of temporal bone, UBERON:0001694 | H36: petrous_cranial | I36: 900 | J36: 700 | K36: 1100 | L36: 57.150855 | M36: -7.3906365 | N36: United Kingdom | O36: Kilpheder | P36: TRUE | Q36: =VLOOKUP(A36,'S8 Newly published datasets'!A:Q,16,FALSE) -> #N/A
A37: LL003 | B37: 1 | C37: Clostridium tetani | D37: Uncertain | E37: Uncertain | F37: Uncertain | G37: metacarpal (fetous) | H37: long_bone | I37: 10000 | J37: 9800 | K37: 10200 | L37: 34.2721 | M37: 47.4758 | N37: Iran | O37: Ganj Dareh | P37: TRUE | Q37: =VLOOKUP(A37,'S8 Newly published datasets'!A:Q,16,FALSE) -> LL003
A38: LL048 | B38: 2 | C38: Bibersteinia trehalosi; Fusobacterium necrophorum | D38: Ovis | E38: Ovis | F38: Sheep | G38: Maxilla mit M3 bis M1 | H38: tooth | I38: 4250 | J38: 4150 | K38: 4350 | L38: 50.959633 | M38: 35.623396 | N38: Russia | O38: Zolotarevka 6 | P38: TRUE | Q38: =VLOOKUP(A38,'S8 Newly published datasets'!A:Q,16,FALSE) -> LL048
A39: LL050 | B39: 1 | C39: Bibersteinia trehalosi | D39: Ovis | E39: Ovis | F39: Sheep | G39: mandibula + teeth | H39: tooth | I39: 4550 | J39: 4350 | K39: 4750 | L39: 45.717903 | M39: 42.913274 | N39: Russia | O39: Ipatovo 5 | P39: TRUE | Q39: =VLOOKUP(A39,'S8 Newly published datasets'!A:Q,16,FALSE) -> LL050
A40: LL051 | B40: 1 | C40: Pasteurella multocida | D40: Ovis | E40: Ovis | F40: Sheep | G40: mandibula + teeth | H40: tooth | I40: 4550 | J40: 4350 | K40: 4750 | L40: 45.717903 | M40: 42.913274 | N40: Russia | O40: Ipatovo 3 | P40: TRUE | Q40: =VLOOKUP(A40,'S8 Newly published datasets'!A:Q,16,FALSE) -> LL051
A41: LL052 | B41: 2 | C41: Bibersteinia trehalosi; Pasteurella multocida | D41: Ovis | E41: Ovis | F41: Sheep | G41: Maxilla + teeth | H41: tooth | I41: 4250 | J41: 4150 | K41: 4350 | L41: 45.4149 | M41: 43.6968 | N41: Russia | O41: Sharakhalsun 3 | P41: TRUE | Q41: =VLOOKUP(A41,'S8 Newly published datasets'!A:Q,16,FALSE) -> LL052
A42: LL054 | B42: 2 | C42: Bibersteinia trehalosi; Fusobacterium necrophorum | D42: Ovis | E42: Ovis | F42: Sheep | G42: teeth (M3), left | H42: tooth | I42: 4575 | J42: 4350 | K42: 4800 | L42: 36.8485 | M42: 60.4181 | N42: Turkmenistan | O42: Monjukli Depe | P42: TRUE | Q42: =VLOOKUP(A42,'S8 Newly published datasets'!A:Q,16,FALSE) -> LL054
A43: LL058 | B43: 1 | C43: Bibersteinia trehalosi | D43: Ovis | E43: Ovis | F43: Sheep | G43: Mandibula + teeth (juvenile-subadult) | H43: tooth | I43: 4250 | J43: 4150 | K43: 4350 | L43: 50.959633 | M43: 35.623396 | N43: Russia | O43: Zolotarevka 6 | P43: TRUE | Q43: =VLOOKUP(A43,'S8 Newly published datasets'!A:Q,16,FALSE) -> LL058
A44: LL062 | B44: 1 | C44: Clostridium perfringens | D44: Capra | E44: Capra | F44: Goat | G44: humerus(foet) | H44: long_bone | I44: 10000 | J44: 9800 | K44: 10200 | L44: 34.2721 | M44: 47.4758 | N44: Iran | O44: Ganj Dareh | P44: TRUE | Q44: =VLOOKUP(A44,'S8 Newly published datasets'!A:Q,16,FALSE) -> LL062
A45: LL066 | B45: 1 | C45: Clostridium septicum | D45: Capra | E45: Capra | F45: Goat | G45: metatarsal (fetal) | H45: long_bone | I45: 9837.5 | J45: 9557 | K45: 10118 | L45: 34.2721 | M45: 47.4758 | N45: Iran | O45: Ganj Dareh | P45: TRUE | Q45: =VLOOKUP(A45,'S8 Newly published datasets'!A:Q,16,FALSE) -> LL066
A46: LL071 | B46: 2 | C46: Clostridium perfringens; Staphylococcus aureus | D46: Capra | E46: Capra | F46: Goat | G46: pars petrous | H46: petrous_cranial | I46: 8085 | J46: 7885 | K46: 8285 | L46: 33.73 | M46: 47.07 | N46: Iran | O46: Tepe Guran | P46: TRUE | Q46: =VLOOKUP(A46,'S8 Newly published datasets'!A:Q,16,FALSE) -> LL071
A47: LL072 | B47: 2 | C47: Bibersteinia trehalosi; Fusobacterium necrophorum | D47: Capra | E47: Capra | F47: Goat | G47: tooth | H47: tooth | I47: 7732 | J47: 7532 | K47: 7932 | L47: 33.73 | M47: 47.07 | N47: Iran | O47: Tepe Guran | P47: TRUE | Q47: =VLOOKUP(A47,'S8 Newly published datasets'!A:Q,16,FALSE) -> LL072
... A51: LL108 | B51: 1 | C51: Bibersteinia trehalosi | D51: Ovis | E51: Ovis | F51: Sheep | G51: pars petrous(same as LL081 and LL109) | H51: petrous_cranial | I51: 7450 | J51: 7250 | K51: 7650 | L51: 33.73 | M51: 47.07 | N51: Iran | O51: Tepe Guran | P51: TRUE | Q51: =VLOOKUP(A51,'S8 Newly published datasets'!A:Q,16,FALSE) -> LL108
A52: LL153 | B52: 1 | C52: Fusobacterium necrophorum | D52: Ovis | E52: Ovis | F52: Sheep | G52: Mandibule, P3,M1,M2,M3 | H52: tooth | I52: NA | J52: NA | K52: NA | L52: 42.733962 | M52: 44.633676 | N52: Georgia | O52: Dariali | P52: TRUE | Q52: =VLOOKUP(A52,'S8 Newly published datasets'!A:Q,16,FALSE) -> LL153
A53: LL157 | B53: 1 | C53: Bibersteinia trehalosi | D53: Ovis | E53: Ovis | F53: Sheep | G53: P2, P3, P4, M1, M2, M3 | H53: tooth | I53: 1899.5 | J53: 1750 | K53: 2049 | L53: 39.970936 | M53: 64.618497 | N53: Uzbekistan | O53: Iskijkat | P53: TRUE | Q53: =VLOOKUP(A53,'S8 Newly published datasets'!A:Q,16,FALSE) -> LL157
A54: LL158 | B54: 1 | C54: Bibersteinia trehalosi | D54: Capra | E54: Capra | F54: Goat | G54: P2, P3, P4, M1, M2, M3 | H54: tooth | I54: 899.5 | J54: 750 | K54: 1049 | L54: 39.777778 | M54: 64.410278 | N54: Uzbekistan | O54: Bukhara | P54: TRUE | Q54: =VLOOKUP(A54,'S8 Newly published datasets'!A:Q,16,FALSE) -> LL158
A55: LL159 | B55: 1 | C55: Bibersteinia trehalosi | D55: Uncertain | E55: Uncertain | F55: Uncertain | G55: P3, P4, M1, M2, M3 | H55: tooth | I55: 1149.5 | J55: 1050 | K55: 1249 | L55: 39.955592 | M55: 67.037517 | N55: Uzbekistan | O55: Kafir-Kala | P55: TRUE | Q55: =VLOOKUP(A55,'S8 Newly published datasets'!A:Q,16,FALSE) -> LL159
A56: LL160 | B56: 1 | C56: Fusobacterium necrophorum | D56: Uncertain | E56: Uncertain | F56: Uncertain | G56: P3, P4, M1, M2, M3 | H56: tooth | I56: 1149.5 | J56: 1050 | K56: 1249 | L56: 39.955592 | M56: 67.037517 | N56: Uzbekistan | O56: Kafir-Kala | P56: TRUE | Q56: =VLOOKUP(A56,'S8 Newly published datasets'!A:Q,16,FALSE) -> LL160
A57: LL161 | B57: 1 | C57: Bibersteinia trehalosi | D57: Capra | E57: Capra | F57: Goat | G57: P3, P4, M1, M2,, M3 | H57: tooth | I57: 1499.5 | J57: 1350 | K57: 1649 | L57: 40.047633 | M57: 64.156442 | N57: Uzbekistan | O57: Kakishtuvan | P57: TRUE | Q57: =VLOOKUP(A57,'S8 Newly published datasets'!A:Q,16,FALSE) -> LL161
A58: LL163 | B58: 2 | C58: Bibersteinia trehalosi; Fusobacterium necrophorum | D58: Capra | E58: Capra | F58: Goat | G58: P3, P4, M1, M2, M3 | H58: tooth | I58: 1149.5 | J58: 1050 | K58: 1249 | L58: 39.955592 | M58: 67.037517 | N58: Uzbekistan | O58: Kafir-Kala | P58: TRUE | Q58: =VLOOKUP(A58,'S8 Newly published datasets'!A:Q,16,FALSE) -> LL163
A59: MC72713 | B59: 1 | C59: Rickettsia felis | D59: Uncertain | E59: Uncertain | F59: Uncertain | G59: Metapodia (perinatal) | H59: long_bone | I59: 9250 | J59: 9000 | K59: 9500 | L59: 32.561071 | M59: 47.324171 | N59: Iran | O59: Ali Kosh | P59: TRUE | Q59: =VLOOKUP(A59,'S8 Newly published datasets'!A:Q,16,FALSE) -> KD416
A60: MDVC564 | B60: 1 | C60: Erysipelothrix rhusiopathiae | D60: Ovis | E60: Ovis | F60: Sheep | G60: petrous part of temporal bone, UBERON:0001694 | H60: petrous_cranial | I60: 6950 | J60: 6850 | K60: 7050 | L60: 49.431467 | M60: 4.0048772 | N60: France | O60: Mennevile-Derrière-Le-Village, Picardie | P60: TRUE | Q60: =VLOOKUP(A60,'S8 Newly published datasets'!A:Q,16,FALSE) -> #N/A
A61: Mentese6 | B61: 1 | C61: Brucella melitensis | D61: Ovis | E61: Ovis | F61: Sheep | G61: petrous part of temporal bone, UBERON:0001694 | H61: petrous_cranial | I61: 7883 | J61: 7792 | K61: 7974 | L61: 40.277153 | M61: 29.52368 | N61: Turkey | O61: Menteşe | P61: TRUE | Q61: =VLOOKUP(A61,'S8 Newly published datasets'!A:Q,16,FALSE) -> #N/A
A62: Monjukli2 | B62: 1 | C62: Clostridium perfringens | D62: Capra | E62: Capra | F62: Goat | G62: petrous part of temporal bone, UBERON:0001710 | H62: petrous_cranial | I62: 6750 | J62: 6450 | K62: 7050 | L62: 36.8485 | M62: 60.4181 | N62: Turkmenistan | O62: Monjukli Depe, Meana-Čaača | P62: TRUE | Q62: =VLOOKUP(A62,'S8 Newly published datasets'!A:Q,16,FALSE) -> #N/A
A63: Murciélagos1 | B63: 3 | C63: Clostridium perfringens; Escherichia coli; Streptococcus gallolyticus | D63: Capra | E63: Capra | F63: Goat | G63: skin of body, UBERON:0002097 | H63: soft_tissue | I63: 7100 | J63: 7008 | K63: 7246 | L63: 36.805152 | M63: -3.1881125 | N63: Spain | O63: Cueva de los Murciélagos | P63: TRUE | Q63: =VLOOKUP(A63,'S8 Newly published datasets'!A:Q,16,FALSE) -> #N/A
A64: OLC | B64: 1 | C64: Clostridium perfringens | D64: Ovis | E64: Ovis | F64: Sheep | G64: skin of body, UBERON:0002097 | H64: soft_tissue | I64: 5177.5 | J64: 5055 | K64: 5300 | L64: 46.779424 | M64: 10.839685 | N64: Italy | O64: Otzal Alps | P64: TRUE | Q64: =VLOOKUP(A64,'S8 Newly published datasets'!A:Q,16,FALSE) -> #N/A
... A72: ROS002 | B72: 1 | C72: Erysipelothrix rhusiopathiae | D72: Bos | E72: Bos | F72: Aurochs | G72: astragalus, UBERON:4200021 | H72: other_bone | I72: 4637 | J72: 5307 | K72: 5465 | L72: 54.145 | M72: 69.194 | N72: Kazakhstan | O72: Roshchinskoe | P72: TRUE | Q72: =VLOOKUP(A72,'S8 Newly published datasets'!A:Q,16,FALSE) -> #N/A
A73: STK240 | B73: 1 | C73: Rickettsia felis | D73: Bos | E73: Bos | F73: Eurasian cattle | G73: missing | H73: missing | I73: 1500 | J73: NA | K73: 1549 | L73: 35.87 | M73: 8.79 | N73: Tunisia | O73: Althiburos | P73: TRUE | Q73: =VLOOKUP(A73,'S8 Newly published datasets'!A:Q,16,FALSE) -> #N/A
A74: Shiderti10 | B74: 1 | C74: Fusobacterium necrophorum | D74: Bos | E74: Bos | F74: Eurasian cattle | G74: molar tooth, UBERON:0003655 | H74: tooth | I74: 3538 | J74: 3698 | K74: 3909 | L74: 51.721 | M74: 74.644 | N74: Kazakhstan | O74: Shiderti 10, Pavlodar region | P74: TRUE | Q74: =VLOOKUP(A74,'S8 Newly published datasets'!A:Q,16,FALSE) -> #N/A
A75: Shimao06 | B75: 1 | C75: Fusobacterium necrophorum | D75: Bos | E75: Bos | F75: Eurasian cattle | G75: missing | H75: missing | I75: 3879 | J75: NA | K75: NA | L75: 38.33 | M75: 109.83 | N75: China | O75: Shimao | P75: TRUE | Q75: =VLOOKUP(A75,'S8 Newly published datasets'!A:Q,16,FALSE) -> #N/A
A76: Shimao08 | B76: 1 | C76: Fusobacterium necrophorum | D76: Bos | E76: Bos | F76: Eurasian cattle | G76: missing | H76: missing | I76: 3879 | J76: NA | K76: NA | L76: 38.33 | M76: 109.83 | N76: China | O76: Shimao | P76: TRUE | Q76: =VLOOKUP(A76,'S8 Newly published datasets'!A:Q,16,FALSE) -> #N/A
A77: Sibirica2 | B77: 1 | C77: Fusobacterium necrophorum | D77: Capra | E77: Capra | F77: Ibex | G77: mandible, UBERON:0001684 | H77: tooth | I77: -24 | J77: -24 | K77: -4 | L77: 48.504 | M77: 2.2136 | N77: missing | O77: Born at the Muséum national d'Histoire naturelle zoo, France | P77: TRUE | Q77: =VLOOKUP(A77,'S8 Newly published datasets'!A:Q,16,FALSE) -> #N/A
A78: VEM185 | B78: 1 | C78: Erysipelothrix rhusiopathiae | D78: Sus | E78: Sus | F78: Pig | G78: missing | H78: missing | I78: 6500 | J78: NA | K78: NA | L78: 51.1133 | M78: 1.4703 | N78: United Kingdom | O78: Durrington Walls | P78: TRUE | Q78: =VLOOKUP(A78,'S8 Newly published datasets'!A:Q,16,FALSE) -> #N/A
A79: Var1 | B79: 1 | C79: Erysipelothrix rhusiopathiae | D79: Bos | E79: Bos | F79: Aurochs | G79: petrous part of temporal bone, UBERON:0001706 | H79: petrous_cranial | I79: 6580 | J79: 7426 | K79: 7567 | L79: 51.63 | M79: 49.666 | N79: Russia | O79: Varfolomeevka | P79: TRUE | Q79: =VLOOKUP(A79,'S8 Newly published datasets'!A:Q,16,FALSE) -> #N/A
A80: Vratsa1 | B80: 1 | C80: Pasteurella multocida | D80: Bos | E80: Bos | F80: Aurochs | G80: petrous part of temporal bone, UBERON:0001706 | H80: petrous_cranial | I80: 5266 | J80: 5932 | K80: 6184 | L80: 42.973 | M80: 24.118 | N80: Bulgaria | O80: Vratsa | P80: TRUE | Q80: =VLOOKUP(A80,'S8 Newly published datasets'!A:Q,16,FALSE) -> #N/A
A81: Walie1 | B81: 2 | C81: Bibersteinia trehalosi; Erysipelothrix rhusiopathiae | D81: Capra | E81: Capra | F81: Walia ibex | G81: mandible, UBERON:0001684 | H81: tooth | I81: 0 | J81: -20 | K81: 20 | L81: 48.504 | M81: 2.2136 | N81: missing | O81: Born at the Muséum national d'Histoire naturelle zoo, France | P81: TRUE | Q81: =VLOOKUP(A81,'S8 Newly published datasets'!A:Q,16,FALSE) -> #N/A
A82: Win1 | B82: 1 | C82: Erysipelothrix rhusiopathiae | D82: Bos | E82: Bos | F82: Eurasian cattle | G82: missing | H82: missing | I82: 1556 | J82: NA | K82: NA | L82: 53.33333 | M82: 6.516667 | N82: Netherlands | O82: Winsum-Bruggeburen | P82: TRUE | Q82: =VLOOKUP(A82,'S8 Newly published datasets'!A:Q,16,FALSE) -> #N/A
A83: YG01 | B83: 1 | C83: Erysipelothrix rhusiopathiae | D83: Ovis | E83: Ovis | F83: Sheep | G83: Parchment | H83: parchment | I83: 500 | J83: 350 | K83: 650 | L83: 51.28 | M83: 1.08 | N83: United Kingdom | O83: Canterbury | P83: TRUE | Q83: =VLOOKUP(A83,'S8 Newly published datasets'!A:Q,16,FALSE) -> #N/A
A84: YG13 | B84: 2 | C84: Clostridium perfringens; Erysipelothrix rhusiopathiae | D84: Bos | E84: Bos | F84: Cow | G84: Parchment | H84: parchment | I84: 500 | J84: 350 | K84: 650 | L84: 51.28 | M84: 1.08 | N84: United Kingdom | O84: Canterbury | P84: TRUE | Q84: =VLOOKUP(A84,'S8 Newly published datasets'!A:Q,16,FALSE) -> #N/A
A85: YG14 | B85: 1 | C85: Erysipelothrix rhusiopathiae | D85: Bos | E85: Bos | F85: Cow | G85: Parchment | H85: parchment | I85: 945 | J85: 930 | K85: 960 | L85: 51.28 | M85: 1.08 | N85: United Kingdom | O85: Canterbury | P85: TRUE | Q85: =VLOOKUP(A85,'S8 Newly published datasets'!A:Q,16,FALSE) -> #N/A
A86: YG15 | B86: 1 | C86: Erysipelothrix rhusiopathiae | D86: Bos | E86: Bos | F86: Cow | G86: Parchment | H86: parchment | I86: 945 | J86: 930 | K86: 960 | L86: 51.28 | M86: 1.08 | N86: United Kingdom | O86: Canterbury | P86: TRUE | Q86: =VLOOKUP(A86,'S8 Newly published datasets'!A:Q,16,FALSE) -> #N/A
A87: YG16 | B87: 1 | C87: Erysipelothrix rhusiopathiae | D87: Bos | E87: Bos | F87: Cow | G87: Parchment | H87: parchment | I87: 945 | J87: 930 | K87: 960 | L87: 51.28 | M87: 1.08 | N87: United Kingdom | O87: Canterbury | P87: TRUE | Q87: =VLOOKUP(A87,'S8 Newly published datasets'!A:Q,16,FALSE) -> #N/A
A88: Yarmut1 | B88: 1 | C88: Clostridium perfringens | D88: Capra | E88: Capra | F88: Goat | G88: petrous part of temporal bone, UBERON:0001708 | H88: petrous_cranial | I88: 4550 | J88: 4450 | K88: 4650 | L88: 31.707985 | M88: 34.975283 | N88: Israel | O88: Tel Yarmuth, Bet Shemesh | P88: TRUE | Q88: =VLOOKUP(A88,'S8 Newly published datasets'!A:Q,16,FALSE) -> #N/A
A89: Yoqneam1 | B89: 1 | C89: Erysipelothrix rhusiopathiae | D89: Ovis | E89: Ovis | F89: Sheep | G89: petrous part of temporal bone, UBERON:0001694 | H89: petrous_cranial | I89: 1130 | J89: 1260 | K89: 1000 | L89: 32.663852 | M89: 35.108734 | N89: Israel | O89: Tel Yoqne’am | P89: TRUE | Q89: =VLOOKUP(A89,'S8 Newly published datasets'!A:Q,16,FALSE) -> #N/A
A90: Zea1 | B90: 1 | C90: Erysipelothrix rhusiopathiae | D90: Bos | E90: Bos | F90: Aurochs | G90: petrous part of temporal bone, UBERON:0001706 | H90: petrous_cranial | I90: NA | J90: NA | K90: NA | L90: 55.358 | M90: 11.393 | N90: Denmark | O90: Lundby I | P90: TRUE | Q90: =VLOOKUP(A90,'S8 Newly published datasets'!A:Q,16,FALSE) -> #N/A

Sheet S8  Newly published datasets
A1: samp_name | B1: biosamples_accession | C1: Tissue | D1: tissue_detailled | E1: samp_taxon_common | F1: Basic_taxon_name | G1: specific_host | H1: latitude | I1: longitude | J1: geo_loc_name | K1: site_name | L1: sample_age | M1: sample_age_upper | N1: sample_age_lower | O1: Archeological label | P1: Internal code | Q1: Endogenous
A2: LL155 | B2: Newly published | C2: tooth | D2: P3, P4, M1, M2, M3 | E2: Uncertain | F2: Uncertain | G2: Uncertain | H2: 39.777778 | I2: 64.410278 | J2: Uzbekistan | K2: Bukhara | L2: 899.5 | M2: 1049 | N2: 750 | O2: BK471 | P2: LL155 | Q2: Uncertain
A3: LL157 | B3: Newly published | C3: tooth | D3: P2, P3, P4, M1, M2, M3 | E3: Sheep | F3: Ovis | G3: Sheep | H3: 39.970936 | I3: 64.618497 | J3: Uzbekistan | K3: Iskijkat | L3: 1899.5 | M3: 2049 | N3: 1750 | O3: ISK318 | P3: LL157 | Q3: 0.26
A4: LL158 | B4: Newly published | C4: tooth | D4: P2, P3, P4, M1, M2, M3 | E4: Goat | F4: Capra | G4: Goat | H4: 39.777778 | I4: 64.410278 | J4: Uzbekistan | K4: Bukhara | L4: 899.5 | M4: 1049 | N4: 750 | O4: BK383 | P4: LL158 | Q4: 0.17
A5: LL159 | B5: Newly published | C5: tooth | D5: P3, P4, M1, M2, M3 | E5: Uncertain | F5: Uncertain | G5: Uncertain | H5: 39.955592 | I5: 67.037517 | J5: Uzbekistan | K5: Kafir-Kala | L5: 1149.5 | M5: 1249 | N5: 1050 | O5: KK171 | P5: LL159 | Q5: Uncertain
A6: LL160 | B6: Newly published | C6: tooth | D6: P3, P4, M1, M2, M3 | E6: Uncertain | F6: Uncertain | G6: Uncertain | H6: 39.955592 | I6: 67.037517 | J6: Uzbekistan | K6: Kafir-Kala | L6: 1149.5 | M6: 1249 | N6: 1050 | O6: KK172 | P6: LL160 | Q6: Uncertain
A7: LL161 | B7: Newly published | C7: tooth | D7: P3, P4, M1, M2,, M3 | E7: Goat | F7: Capra | G7: Goat | H7: 40.047633 | I7: 64.156442 | J7: Uzbekistan | K7: Kakishtuvan | L7: 1149.5 | M7: 1649 | N7: 1350 | O7: KT081 | P7: LL161 | Q7: 0.15
A8: LL163 | B8: Newly published | C8: tooth | D8: P3, P4, M1, M2, M3 | E8: Goat | F8: Capra | G8: Goat | H8: 39.955592 | I8: 67.037517 | J8: Uzbekistan | K8: Kafir-Kala | L8: 1149.5 | M8: 1249 | N8: 1050 | O8: KK353 | P8: LL163 | Q8: 0.17
A9: LL066 | B9: Newly published | C9: long_bone | D9: metatarsal (fetal) | E9: Goat | F9: Capra | G9: Goat | H9: 34.2721 | I9: 47.4758 | J9: Iran | K9: Ganj Dareh | L9: 9837.5 | M9: 10118 | N9: 9557 | O9: P46 | P9: LL066 | Q9: 0.3
A10: LL001 | B10: Newly published | C10: tooth | D10: tooth | E10: Uncertain | F10: Uncertain | G10: Uncertain | H10: 33.73 | I10: 47.07 | J10: Iran | K10: Tepe Guran | L10: 7803 | M10: 8003 | N10: 7603 | O10: P115 | P10: LL001 | Q10: Uncertain
A11: LL002 | B11: Newly published | C11: long_bone | D11: metacarpal | E11: Uncertain | F11: Uncertain | G11: Uncertain | H11: 33.73 | I11: 47.07 | J11: Iran | K11: Tepe Guran | L11: 8368 | M11: 8568 | N11: 8168 | O11: P77 | P11: LL002 | Q11: Uncertain
A12: LL003 | B12: Newly published | C12: long_bone | D12: metacarpal (fetous) | E12: Uncertain | F12: Uncertain | G12: Uncertain | H12: 34.2721 | I12: 47.4758 | J12: Iran | K12: Ganj Dareh | L12: 10000 | M12: 10200 | N12: 9800 | O12: P42 | P12: LL003 | Q12: Uncertain
A13: LL004 | B13: Newly published | C13: long_bone | D13: metacarpal (juvinal) | E13: Uncertain | F13: Uncertain | G13: Uncertain | H13: 33.557612 | I13: 48.377229 | J13: Iran | K13: Kuran Buzan | L13: 4450 | M13: 5450 | N13: 3450 | O13: P62 | P13: LL004 | Q13: Uncertain
A14: LL005 | B14: Newly published | C14: long_bone | D14: metacarpal (fetous) | E14: Uncertain | F14: Uncertain | G14: Uncertain | H14: 34.2721 | I14: 47.4758 | J14: Iran | K14: Ganj Dareh | L14: 10000 | M14: 10200 | N14: 9800 | O14: P43 | P14: LL005 | Q14: Uncertain
A15: LL006 | B15: Newly published | C15: petrous_cranial | D15: petrous ("wild") | E15: Uncertain | F15: Uncertain | G15: Uncertain | H15: 33.557612 | I15: 48.253633 | J15: Iran | K15: Tepe Jarali | L15: 3950 | M15: 5450 | N15: 2450 | O15: P54 | P15: LL006 | Q15: Uncertain
A16: LL007 | B16: Newly published | C16: petrous_cranial | D16: petrous | E16: Uncertain | F16: Uncertain | G16: Uncertain | H16: 33.73 | I16: 47.07 | J16: Iran | K16: Tepe Guran | L16: 7521 | M16: 7721 | N16: 7321 | O16: P87 | P16: LL007 | Q16: Uncertain
A17: LL008 | B17: Newly published | C17: long_bone | D17: humerus (fetous) | E17: Uncertain | F17: Uncertain | G17: Uncertain | H17: 33.73 | I17: 47.07 | J17: Iran | K17: Tepe Guran | L17: 8226 | M17: 8426 | N17: 8026 | O17: P89 | P17: LL008 | Q17: Uncertain
A18: LL009 | B18: Newly published | C18: tooth | D18: tooth | E18: Uncertain | F18: Uncertain | G18: Uncertain | H18: 33.73 | I18: 47.07 | J18: Iran | K18: Tepe Guran | L18: 8297 | M18: 8497 | N18: 8097 | O18: P96 | P18: LL009 | Q18: Uncertain
A19: LL010 | B19: Newly published | C19: tooth | D19: tooth | E19: Uncertain | F19: Uncertain | G19: Uncertain | H19: 33.73 | I19: 47.07 | J19: Iran | K19: Tepe Guran | L19: 8509 | M19: 8709 | N19: 8309 | O19: P102 | P19: LL010 | Q19: Uncertain
A20: LL011 | B20: Newly published | C20: tooth | D20: tooth | E20: Uncertain | F20: Uncertain | G20: Uncertain | H20: 33.73 | I20: 47.07 | J20: Iran | K20: Tepe Guran | L20: 8650 | M20: 8850 | N20: 8450 | O20: P85 | P20: LL011 | Q20: Uncertain
A21: LL012 | B21: Newly published | C21: tooth | D21: tooth | E21: Uncertain | F21: Uncertain | G21: Uncertain | H21: 33.73 | I21: 47.07 | J21: Iran | K21: Tepe Guran | L21: 8579 | M21: 8779 | N21: 8379 | O21: P108 | P21: LL012 | Q21: Uncertain
... A24: LL015 | B24: Newly published | C24: tooth | D24: tooth | E24: Uncertain | F24: Uncertain | G24: Uncertain | H24: 33.73 | I24: 47.07 | J24: Iran | K24: Tepe Guran | L24: 8297 | M24: 8497 | N24: 8097 | O24: P95 | P24: LL015 | Q24: Uncertain
A25: LL016 | B25: Newly published | C25: tooth | D25: tooth | E25: Goat | F25: Capra | G25: Goat | H25: 33.73 | I25: 47.07 | J25: Iran | K25: Tepe Guran | L25: 7732 | M25: 7932 | N25: 7532 | O25: P71 | P25: LL016 | Q25: 0.07
A26: LL017 | B26: Newly published | C26: other_bone | D26: tib ("foetal") | E26: Goat | F26: Capra | G26: Goat | H26: 36.825267 | I26: 50.276346 | J26: Iran | K26: Asiab | L26: 11400 | M26: 11600 | N26: 11200 | O26: P50 | P26: LL017 | Q26: 0
A27: LL018 | B27: Newly published | C27: other_bone | D27: ph ? ("pullus" juvenile) | E27: Uncertain | F27: Uncertain | G27: Uncertain | H27: 36.825267 | I27: 50.276346 | J27: Iran | K27: Asiab | L27: 11400 | M27: 11600 | N27: 11200 | O27: P51 | P27: LL018 | Q27: Uncertain
A28: LL019 | B28: Newly published | C28: tooth | D28: tooth | E28: Uncertain | F28: Uncertain | G28: Uncertain | H28: 33.73 | I28: 47.07 | J28: Iran | K28: Tepe Guran | L28: 8368 | M28: 8568 | N28: 8168 | O28: P80 | P28: LL019 | Q28: 0.02
A29: LL020 | B29: Newly published | C29: long_bone | D29: humerus (pullus) | E29: Sheep | F29: Ovis | G29: Sheep | H29: 33.73 | I29: 47.07 | J29: Iran | K29: Tepe Guran | L29: Missing | M29: Missing | N29: Missing | O29: P113 | P29: LL020 | Q29: 0.24
A30: LL022 | B30: Newly published | C30: long_bone | D30: mtc (adult) | E30: Uncertain | F30: Uncertain | G30: Uncertain | H30: 33.557612 | I30: 48.377229 | J30: Iran | K30: Kuran Buzan | L30: 4450 | M30: 5450 | N30: 3450 | O30: P58 | P30: LL022 | Q30: Uncertain
A31: LL023 | B31: Newly published | C31: long_bone | D31: mtt (pullus) (pathology) | E31: Uncertain | F31: Uncertain | G31: Uncertain | H31: 33.73 | I31: 47.07 | J31: Iran | K31: Tepe Guran | L31: 8368 | M31: 8568 | N31: 8168 | O31: P97 | P31: LL023 | Q31: Uncertain
A32: LL024 | B32: Newly published | C32: long_bone | D32: mttc | E32: Uncertain | F32: Uncertain | G32: Uncertain | H32: 34.2721 | I32: 47.4758 | J32: Iran | K32: Ganj Dareh | L32: 10000 | M32: 10200 | N32: 9800 | O32: P44 | P32: LL024 | Q32: Uncertain
A33: LL025 | B33: Newly published | C33: long_bone | D33: mttc | E33: Uncertain | F33: Uncertain | G33: Uncertain | H33: 34.2721 | I33: 47.4758 | J33: Iran | K33: Ganj Dareh | L33: 10000 | M33: 10200 | N33: 9800 | O33: P45 | P33: LL025 | Q33: Uncertain
A34: LL026 | B34: Newly published | C34: long_bone | D34: mttc | E34: Uncertain | F34: Uncertain | G34: Uncertain | H34: 34.2721 | I34: 47.4758 | J34: Iran | K34: Ganj Dareh | L34: 10000 | M34: 10200 | N34: 9800 | O34: P47 | P34: LL026 | Q34: Uncertain
A35: LL027 | B35: Newly published | C35: long_bone | D35: mttc | E35: Uncertain | F35: Uncertain | G35: Uncertain | H35: 34.2721 | I35: 47.4758 | J35: Iran | K35: Ganj Dareh | L35: 10000 | M35: 10200 | N35: 9800 | O35: P48 | P35: LL027 | Q35: Uncertain
A36: LL028 | B36: Newly published | C36: long_bone | D36: mttc | E36: Uncertain | F36: Uncertain | G36: Uncertain | H36: 34.2721 | I36: 47.4758 | J36: Iran | K36: Ganj Dareh | L36: 10000 | M36: 10200 | N36: 9800 | O36: P49 | P36: LL028 | Q36: Uncertain
A37: LL029 | B37: Newly published | C37: tooth | D37: tooth | E37: Uncertain | F37: Uncertain | G37: Uncertain | H37: 29.341192 | I37: 53.132167 | J37: Iran | K37: Tang-i-Ktchek | L37: 4450 | M37: 5450 | N37: 3450 | O37: P52 | P37: LL029 | Q37: Uncertain
A38: LL043 | B38: Newly published | C38: petrous_cranial | D38: petrous | E38: Cow | F38: Bos | G38: Cow | H38: 26.6031 | I38: 37.9295 | J38: Saudi Arabia | K38: Al-Ula | L38: #N/A | M38: #N/A | N38: #N/A | O38: AAKSAU-EX 2021A IDIHA-0011182; IDIHA-F-0018247; 017 #0523 N.63 | P38: LL043 | Q38: 0.5
A39: LL048 | B39: Newly published | C39: tooth | D39: Maxilla mit M3 bis M1 | E39: Sheep | F39: Ovis | G39: Sheep | H39: 50.959633 | I39: 35.623396 | J39: Georgia | K39: Zolotarevka 6 | L39: 4250 | M39: 4350 | N39: 4150 | O39: BZNK-0828/1 | P39: LL048 | Q39: 8.79
A40: LL049 | B40: Newly published | C40: tooth | D40: mandibula with teeth | E40: Sheep | F40: Ovis | G40: Sheep | H40: 55.59696 | I40: 37.026364 | J40: Georgia | K40: Stoderovskoe 1 | L40: 5650 | M40: 5850 | N40: 5450 | O40: BZNK-1280/2-# | P40: LL049 | Q40: 1.72
A41: LL050 | B41: Newly published | C41: tooth | D41: mandibula + teeth | E41: Sheep | F41: Ovis | G41: Sheep | H41: 45.717903 | I41: 42.913274 | J41: Georgia | K41: Ipatovo 5 | L41: 4550 | M41: 4750 | N41: 4350 | O41: BZNK-0466/1-2 | P41: LL050 | Q41: 5.69
A42: LL051 | B42: Newly published | C42: tooth | D42: mandibula + teeth | E42: Sheep | F42: Ovis | G42: Sheep | H42: 45.717903 | I42: 42.913274 | J42: Georgia | K42: Ipatovo 3 | L42: 4550 | M42: 4750 | N42: 4350 | O42: BZNK-0440/1 | P42: LL051 | Q42: 2.47
A43: LL052 | B43: Newly published | C43: tooth | D43: Maxilla + teeth | E43: Sheep | F43: Ovis | G43: Sheep | H43: 45.4149 | I43: 43.6968 | J43: Georgia | K43: Sharakhalsun 3 | L43: 4250 | M43: 4350 | N43: 4150 | O43: BZNK-0258/1-## | P43: LL052 | Q43: 28.17
A44: LL053 | B44: Newly published | C44: tooth | D44: Mandibula (adult) | E44: Cow | F44: Bos | G44: Cow | H44: 43.927046 | I44: 42.690179 | J44: Georgia | K44: Nezlobnenskiy 5 | L44: 4450 | M44: 4950 | N44: 3951 | O44: BZNK-0553/1 | P44: LL053 | Q44: 8.43
A45: LL054 | B45: Newly published | C45: tooth | D45: teeth (M3), left | E45: Sheep | F45: Ovis | G45: Sheep | H45: 36.8485 | I45: 60.4181 | J45: Turkmenistan | K45: Monjukli Depe | L45: 4575 | M45: 4800 | N45: 4350 | O45: BZNK-1321/1 | P45: LL054 | Q45: 0.69
A46: LL058 | B46: Newly published | C46: tooth | D46: Mandibula + teeth (juvenile-subadult) | E46: Sheep | F46: Ovis | G46: Sheep | H46: 50.959633 | I46: 35.623396 | J46: Georgia | K46: Zolotarevka 6 | L46: 4250 | M46: 4350 | N46: 4150 | O46: BZNK-0826/1-2 | P46: LL058 | Q46: 30.01
A47: LL059 | B47: Newly published | C47: petrous_cranial | D47: pars petrous | E47: Sheep | F47: Ovis | G47: Sheep | H47: 33.73 | I47: 47.07 | J47: Iran | K47: Tepe Guran | L47: 7732 | M47: 7932 | N47: 7532 | O47: P70 | P47: LL059 | Q47: 2.4
A48: LL060 | B48: Newly published | C48: long_bone | D48: humerus (pullus) | E48: Sheep | F48: Ovis | G48: Sheep | H48: 33.564478 | I48: 48.305818 | J48: Iran | K48: Tang-i-Hamamlan | L48: 4450 | M48: 5450 | N48: 3450 | O48: P55 | P48: LL060 | Q48: 0.33
A49: LL061 | B49: Newly published | C49: long_bone | D49: humerus(foet) | E49: Goat | F49: Capra | G49: Goat | H49: 34.2721 | I49: 47.4758 | J49: Iran | K49: Ganj Dareh | L49: 10000 | M49: 10200 | N49: 9800 | O49: P38 | P49: LL061 | Q49: 0.16
A50: LL062 | B50: Newly published | C50: long_bone | D50: humerus(foet) | E50: Goat | F50: Capra | G50: Goat | H50: 34.2721 | I50: 47.4758 | J50: Iran | K50: Ganj Dareh | L50: 10000 | M50: 10200 | N50: 9800 | O50: P41 | P50: LL062 | Q50: 0.5
... A52: LL064 | B52: Newly published | C52: long_bone | D52: humerus(pullus) | E52: Goat | F52: Capra | G52: Goat | H52: 34.2721 | I52: 47.4758 | J52: Iran | K52: Ganj Dareh | L52: 10000 | M52: 10200 | N52: 9800 | O52: P39 | P52: LL064 | Q52: 0.6
A53: LL065 | B53: Newly published | C53: long_bone | D53: humerus(pullus) | E53: Uncertain | F53: Uncertain | G53: Uncertain | H53: 34.2721 | I53: 47.4758 | J53: Iran | K53: Ganj Dareh | L53: 10000 | M53: 10200 | N53: 9800 | O53: P40 | P53: LL065 | Q53: Uncertain
A54: LL067 | B54: Newly published | C54: long_bone | D54: humerus(pullus) | E54: Sheep | F54: Ovis | G54: Sheep | H54: 29.341192 | I54: 53.132167 | J54: Iran | K54: Tang-i-Ktchek | L54: 4450 | M54: 5450 | N54: 3450 | O54: P53 | P54: LL067 | Q54: 0.42
A55: LL068 | B55: Newly published | C55: long_bone | D55: humerus(foet) | E55: Uncertain | F55: Uncertain | G55: Uncertain | H55: 33.564478 | I55: 48.305818 | J55: Iran | K55: Tang-i-Hamamlan | L55: 4450 | M55: 5450 | N55: 3450 | O55: P56 | P55: LL068 | Q55: 0.08
A56: LL069 | B56: Newly published | C56: long_bone | D56: femur(foet) | E56: Goat | F56: Capra | G56: Goat | H56: 33.564478 | I56: 48.305818 | J56: Iran | K56: Tang-i-Hamamlan | L56: 4450 | M56: 5450 | N56: 3450 | O56: P57 | P56: LL069 | Q56: 0.41
A57: LL071 | B57: Newly published | C57: petrous_cranial | D57: pars petrous | E57: Goat | F57: Capra | G57: Goat | H57: 33.73 | I57: 47.07 | J57: Iran | K57: Tepe Guran | L57: 8085 | M57: 8285 | N57: 7885 | O57: P67 | P57: LL071 | Q57: 6.4
A58: LL072 | B58: Newly published | C58: tooth | D58: tooth | E58: Goat | F58: Capra | G58: Goat | H58: 33.73 | I58: 47.07 | J58: Iran | K58: Tepe Guran | L58: 7732 | M58: 7932 | N58: 7532 | O58: P72 | P58: LL072 | Q58: 0.78
A59: LL073 | B59: Newly published | C59: petrous_cranial | D59: pars petrous | E59: Sheep | F59: Ovis | G59: Sheep | H59: 33.73 | I59: 47.07 | J59: Iran | K59: Tepe Guran | L59: 7732 | M59: 7932 | N59: 7532 | O59: P69 | P59: LL073 | Q59: 0.9
A60: LL074 | B60: Newly published | C60: tooth | D60: tooth | E60: Sheep | F60: Ovis | G60: Sheep | H60: 33.73 | I60: 47.07 | J60: Iran | K60: Tepe Guran | L60: 7732 | M60: 7932 | N60: 7532 | O60: P92 | P60: LL074 | Q60: 0.12
A61: LL075 | B61: Newly published | C61: long_bone | D61: rad(pullus) | E61: Goat | F61: Capra | G61: Goat | H61: 33.73 | I61: 47.07 | J61: Iran | K61: Tepe Guran | L61: 8579 | M61: 8779 | N61: 8379 | O61: P112 | P61: LL075 | Q61: 1.14
A62: LL076 | B62: Newly published | C62: long_bone | D62: mtc | E62: Sheep | F62: Ovis | G62: Sheep | H62: 33.557612 | I62: 48.377229 | J62: Iran | K62: Kuran Buzan | L62: 4450 | M62: 5450 | N62: 3450 | O62: P59 | P62: LL076 | Q62: 0
A63: LL077 | B63: Newly published | C63: long_bone | D63: mtc | E63: Sheep | F63: Ovis | G63: Sheep | H63: 33.557612 | I63: 48.377229 | J63: Iran | K63: Kuran Buzan | L63: 4450 | M63: 5450 | N63: 3450 | O63: P60 | P63: LL077 | Q63: 0
A64: LL078 | B64: Newly published | C64: long_bone | D64: humerus(pullus) | E64: Sheep | F64: Ovis | G64: Sheep | H64: 33.557612 | I64: 48.377229 | J64: Iran | K64: Kuran Buzan | L64: 4450 | M64: 5450 | N64: 3450 | O64: P61 | P64: LL078 | Q64: 0.53
A65: LL079 | B65: Newly published | C65: tooth | D65: tooth | E65: Uncertain | F65: Uncertain | G65: Uncertain | H65: 33.73 | I65: 47.07 | J65: Iran | K65: Tepe Guran | L65: 8368 | M65: 8568 | N65: 8168 | O65: P79 | P65: LL079 | Q65: Uncertain
A66: LL080 | B66: Newly published | C66: petrous_cranial | D66: pars petrous | E66: Goat | F66: Capra | G66: Goat | H66: 33.73 | I66: 47.07 | J66: Iran | K66: Tepe Guran | L66: 7521 | M66: 7721 | N66: 7321 | O66: P63 | P66: LL080 | Q66: 0.51
A67: LL081 | B67: Newly published | C67: petrous_cranial | D67: pars petrous(same as LL108 and LL109) | E67: Goat | F67: Capra | G67: Goat | H67: 33.73 | I67: 47.07 | J67: Iran | K67: Tepe Guran | L67: 8156 | M67: 8356 | N67: 7956 | O67: P65 | P67: LL081 | Q67: 0.22
A68: LL082 | B68: Newly published | C68: long_bone | D68: humerus(foet) | E68: Uncertain | F68: Uncertain | G68: Uncertain | H68: 33.73 | I68: 47.07 | J68: Iran | K68: Tepe Guran | L68: 8156 | M68: 8356 | N68: 7956 | O68: P66 | P68: LL082 | Q68: Uncertain
A69: LL083 | B69: Newly published | C69: long_bone | D69: mtc(large capra) | E69: Sheep | F69: Ovis | G69: Sheep | H69: 33.73 | I69: 47.07 | J69: Iran | K69: Tepe Guran | L69: 7732 | M69: 7932 | N69: 7532 | O69: P68 | P69: LL083 | Q69: 0.21
A70: LL084 | B70: Newly published | C70: tooth | D70: tooth | E70: Uncertain | F70: Uncertain | G70: Uncertain | H70: 33.73 | I70: 47.07 | J70: Iran | K70: Tepe Guran | L70: 7803 | M70: 8003 | N70: 7603 | O70: P76 | P70: LL084 | Q70: Uncertain
A71: LL085 | B71: Newly published | C71: long_bone | D71: humerus(pullus) | E71: Sheep | F71: Ovis | G71: Sheep | H71: 33.73 | I71: 47.07 | J71: Iran | K71: Tepe Guran | L71: 7732 | M71: 7932 | N71: 7532 | O71: P73 | P71: LL085 | Q71: 0.14
A72: LL086 | B72: Newly published | C72: long_bone | D72: humerus(foet) | E72: Sheep | F72: Ovis | G72: Sheep | H72: 33.73 | I72: 47.07 | J72: Iran | K72: Tepe Guran | L72: 7732 | M72: 7932 | N72: 7532 | O72: P74 | P72: LL086 | Q72: 0.15
A73: LL087 | B73: Newly published | C73: petrous_cranial | D73: pars petrous | E73: Goat | F73: Capra | G73: Goat | H73: 33.73 | I73: 47.07 | J73: Iran | K73: Tepe Guran | L73: 7803 | M73: 8003 | N73: 7603 | O73: P75 | P73: LL087 | Q73: 1.72
A74: LL088 | B74: Newly published | C74: petrous_cranial | D74: pars petrous | E74: Uncertain | F74: Uncertain | G74: Uncertain | H74: 33.73 | I74: 47.07 | J74: Iran | K74: Tepe Guran | L74: 7450 | M74: 7650 | N74: 7250 | O74: P81 | P74: LL088 | Q74: Uncertain
A75: LL089 | B75: Newly published | C75: long_bone | D75: humerus(foet) | E75: Sheep | F75: Ovis | G75: Sheep | H75: 33.73 | I75: 47.07 | J75: Iran | K75: Tepe Guran | L75: 7732 | M75: 7932 | N75: 7532 | O75: P83 | P75: LL089 | Q75: 0.04
A76: LL090 | B76: Newly published | C76: long_bone | D76: humerus(wild) | E76: Sheep | F76: Ovis | G76: Sheep | H76: 33.73 | I76: 47.07 | J76: Iran | K76: Tepe Guran | L76: 8438 | M76: 8638 | N76: 8238 | O76: P88 | P76: LL090 | Q76: 0.18
A77: LL091 | B77: Newly published | C77: long_bone | D77: humerus(dom) | E77: Sheep | F77: Ovis | G77: Sheep | H77: 33.73 | I77: 47.07 | J77: Iran | K77: Tepe Guran | L77: 8156 | M77: 8356 | N77: 7956 | O77: P90 | P77: LL091 | Q77: 0.35
A78: LL092 | B78: Newly published | C78: petrous_cranial | D78: pars petrous | E78: Sheep | F78: Ovis | G78: Sheep | H78: 33.73 | I78: 47.07 | J78: Iran | K78: Tepe Guran | L78: Missing | M78: Missing | N78: Missing | O78: P91 | P78: LL092 | Q78: 0.18
A79: LL093 | B79: Newly published | C79: long_bone | D79: humerus(foet) | E79: Uncertain | F79: Uncertain | G79: Uncertain | H79: 33.73 | I79: 47.07 | J79: Iran | K79: Tepe Guran | L79: 8297 | M79: 8497 | N79: 8097 | O79: P93 | P79: LL093 | Q79: Uncertain
A80: LL094 | B80: Newly published | C80: long_bone | D80: humerus(dom) | E80: Uncertain | F80: Uncertain | G80: Uncertain | H80: 33.73 | I80: 47.07 | J80: Iran | K80: Tepe Guran | L80: 8297 | M80: 8497 | N80: 8097 | O80: P94 | P80: LL094 | Q80: Uncertain
A81: LL095 | B81: Newly published | C81: long_bone | D81: rad(pullus) | E81: Sheep | F81: Ovis | G81: Sheep | H81: 33.73 | I81: 47.07 | J81: Iran | K81: Tepe Guran | L81: 8368 | M81: 8568 | N81: 8168 | O81: P98 | P81: LL095 | Q81: 0.17
A82: LL096 | B82: Newly published | C82: petrous_cranial | D82: pars petrous | E82: Goat | F82: Capra | G82: Goat | H82: 33.73 | I82: 47.07 | J82: Iran | K82: Tepe Guran | L82: 8509 | M82: 8709 | N82: 8309 | O82: P99 | P82: LL096 | Q82: 1.1
A83: LL097 | B83: Newly published | C83: tooth | D83: tooth | E83: Uncertain | F83: Uncertain | G83: Uncertain | H83: 33.73 | I83: 47.07 | J83: Iran | K83: Tepe Guran | L83: 8509 | M83: 8709 | N83: 8309 | O83: P103 | P83: LL097 | Q83: Uncertain
A84: LL098 | B84: Newly published | C84: long_bone | D84: humerus(pullus) | E84: Uncertain | F84: Uncertain | G84: Uncertain | H84: 33.73 | I84: 47.07 | J84: Iran | K84: Tepe Guran | L84: 8509 | M84: 8709 | N84: 8309 | O84: P100 | P84: LL098 | Q84: Uncertain
A85: LL099 | B85: Newly published | C85: long_bone | D85: humerus(foet) | E85: Uncertain | F85: Uncertain | G85: Uncertain | H85: 33.73 | I85: 47.07 | J85: Iran | K85: Tepe Guran | L85: 8509 | M85: 8709 | N85: 8309 | O85: P101 | P85: LL099 | Q85: Uncertain
A86: LL100 | B86: Newly published | C86: long_bone | D86: humerus(dom) | E86: Sheep | F86: Ovis | G86: Sheep | H86: 33.73 | I86: 47.07 | J86: Iran | K86: Tepe Guran | L86: 7450 | M86: 7650 | N86: 7250 | O86: P84 | P86: LL100 | Q86: 0.14
A87: LL101 | B87: Newly published | C87: long_bone | D87: humerus(wild) | E87: Uncertain | F87: Uncertain | G87: Uncertain | H87: 33.73 | I87: 47.07 | J87: Iran | K87: Tepe Guran | L87: 8579 | M87: 8779 | N87: 8379 | O87: P104 | P87: LL101 | Q87: 0.09
A88: LL102 | B88: Newly published | C88: long_bone | D88: humerus"dom" | E88: Uncertain | F88: Uncertain | G88: Uncertain | H88: 33.73 | I88: 47.07 | J88: Iran | K88: Tepe Guran | L88: 8579 | M88: 8779 | N88: 8379 | O88: P105 | P88: LL102 | Q88: Uncertain
A89: LL103 | B89: Newly published | C89: long_bone | D89: humerus(pullus) | E89: Sheep | F89: Ovis | G89: Sheep | H89: 33.73 | I89: 47.07 | J89: Iran | K89: Tepe Guran | L89: 8579 | M89: 8779 | N89: 8379 | O89: P106 | P89: LL103 | Q89: 0.07
A90: LL104 | B90: Newly published | C90: long_bone | D90: humerus(pullus) | E90: Uncertain | F90: Uncertain | G90: Uncertain | H90: 33.73 | I90: 47.07 | J90: Iran | K90: Tepe Guran | L90: 8579 | M90: 8779 | N90: 8379 | O90: P107 | P90: LL104 | Q90: Uncertain
A91: LL105 | B91: Newly published | C91: long_bone | D91: humerus(dom) | E91: Uncertain | F91: Uncertain | G91: Uncertain | H91: 33.73 | I91: 47.07 | J91: Iran | K91: Tepe Guran | L91: 8509 | M91: 8709 | N91: 8309 | O91: P109 | P91: LL105 | Q91: Uncertain
A92: LL106 | B92: Newly published | C92: long_bone | D92: humerus(dom) | E92: Uncertain | F92: Uncertain | G92: Uncertain | H92: 33.73 | I92: 47.07 | J92: Iran | K92: Tepe Guran | L92: 8509 | M92: 8709 | N92: 8309 | O92: P110 | P92: LL106 | Q92: Uncertain
A93: LL107 | B93: Newly published | C93: long_bone | D93: humerus(pullus) | E93: Sheep | F93: Ovis | G93: Sheep | H93: 33.73 | I93: 47.07 | J93: Iran | K93: Tepe Guran | L93: 8509 | M93: 8709 | N93: 8309 | O93: P111 | P93: LL107 | Q93: 0.2
A94: LL108 | B94: Newly published | C94: petrous_cranial | D94: pars petrous(same as LL081 and LL109) | E94: Sheep | F94: Ovis | G94: Sheep | H94: 33.73 | I94: 47.07 | J94: Iran | K94: Tepe Guran | L94: 7450 | M94: 7650 | N94: 7250 | O94: P116 | P94: LL108 | Q94: 0.3
A95: LL109 | B95: Newly published | C95: petrous_cranial | D95: pars petrous(same as LL081 and LL108) | E95: Sheep | F95: Ovis | G95: Sheep | H95: 33.73 | I95: 47.07 | J95: Iran | K95: Tepe Guran | L95: 7450 | M95: 7650 | N95: 7250 | O95: P117 | P95: LL109 | Q95: 0.4
A96: LL040 | B96: Newly published | C96: petrous_cranial | D96: petrous | E96: Sheep | F96: Ovis | G96: Sheep | H96: 26.6031 | I96: 37.9295 | J96: Saudi Arabia | K96: Al-Ula | L96: #N/A | M96: #N/A | N96: #N/A | O96: AAKSAU-EX 2020B; IDIHA-0004316; IDIHA-F-0007224; 001; SQ.1,SP.3 #0249 N.186 Kevin#1 | P96: LL040 | Q96: 1.9733236
A97: LL110 | B97: Newly published | C97: other_bone | D97: Phalanx 1 | E97: Goat | F97: Capra | G97: Goat | H97: 33.613612 | I97: 48.396447 | J97: Iran | K97: Tepe Qabrestan | L97: #N/A | M97: #N/A | N97: #N/A | O97: MM2023-41 | P97: LL110 | Q97: 0.22
A98: LL111 | B98: Newly published | C98: tooth | D98: Mandibule | E98: Uncertain | F98: Uncertain | G98: Uncertain | H98: 42.733962 | I98: 44.633676 | J98: Georgia | K98: Dariali | L98: #N/A | M98: #N/A | N98: #N/A | O98: T.Q.#71 | P98: LL111 | Q98: Uncertain
A99: LL116 | B99: Newly published | C99: other_bone | D99: Metactarsus | E99: Cow | F99: Bos | G99: Cow | H99: 33.613612 | I99: 48.396447 | J99: Iran | K99: Tepe Qabrestan | L99: #N/A | M99: #N/A | N99: #N/A | O99: MM2023-46 | P99: LL116 | Q99: 0.02
A100: LL117 | B100: Newly published | C100: other_bone | D100: Atlas and Axis | E100: Sheep | F100: Ovis | G100: Sheep | H100: 35.780869 | I100: 49.939829 | J100: Iran | K100: Tepe Zagheh | L100: #N/A | M100: #N/A | N100: #N/A | O100: MM2023-38 | P100: LL117 | Q100: 0.03
A101: LL118 | B101: Newly published | C101: tooth | D101: Maxilla | E101: Camel | F101: Camel | G101: Camel | H101: 35.771223 | I101: 49.938324 | J101: Iran | K101: Sagzabad | L101: #N/A | M101: #N/A | N101: #N/A | O101: MM2023-57 | P101: LL118 | Q101: 0.02
A102: LL130 | B102: Newly published | C102: tooth | D102: Mandibule | E102: Goat | F102: Capra | G102: Goat | H102: 36.504158 | I102: 55.000786 | J102: Iran | K102: Tappeh Sang-e Chakhmaq | L102: #N/A | M102: #N/A | N102: #N/A | O102: 52 | P102: LL130 | Q102: 0.23
A103: KD483 | B103: Newly published | C103: long_bone | D103: Tibia | E103: Goat | F103: Capra | G103: Goat | H103: 34.2721 | I103: 47.4758 | J103: Iran | K103: Ganj Dareh | L103: #N/A | M103: #N/A | N103: #N/A | O103: 1025 | P103: KD483 | Q103: 0.09
...
